2025-10-21T09:56:18.943021Z  INFO tailwindcss_oxide::scanner: Provided sources:
2025-10-21T09:56:18.943149Z  INFO tailwindcss_oxide::scanner: Source: PublicSourceEntry { base: "D:\\Freelancer\\constructor-management\\construction_frontend", pattern: "**/*", negated: false }
2025-10-21T09:56:18.943406Z  INFO tailwindcss_oxide::scanner: Optimized sources:
2025-10-21T09:56:18.943423Z  INFO tailwindcss_oxide::scanner: Source: Auto { base: "D:\\Freelancer\\constructor-management\\construction_frontend" }
2025-10-21T09:56:18.945410Z  INFO scan_sources: tailwindcss_oxide::scanner: enter
2025-10-21T09:56:18.969083Z  INFO scan_sources: tailwindcss_oxide::scanner: Discovering "D:\\Freelancer\\constructor-management\\construction_frontend\\.vscode"
2025-10-21T09:56:18.969255Z  INFO scan_sources: tailwindcss_oxide::scanner: Discovering "D:\\Freelancer\\constructor-management\\construction_frontend\\.vscode\\launch.json"
2025-10-21T09:56:18.969347Z  INFO scan_sources: tailwindcss_oxide::scanner: Discovering "D:\\Freelancer\\constructor-management\\construction_frontend\\eslint.config.mjs"
2025-10-21T09:56:18.969441Z  INFO scan_sources: tailwindcss_oxide::scanner: Discovering "D:\\Freelancer\\constructor-management\\construction_frontend\\messages"
2025-10-21T09:56:18.969547Z  INFO scan_sources: tailwindcss_oxide::scanner: Discovering "D:\\Freelancer\\constructor-management\\construction_frontend\\messages\\en.json"
2025-10-21T09:56:18.969596Z  INFO scan_sources: tailwindcss_oxide::scanner: Discovering "D:\\Freelancer\\constructor-management\\construction_frontend\\messages\\vi.json"
2025-10-21T09:56:18.969663Z  INFO scan_sources: tailwindcss_oxide::scanner: Discovering "D:\\Freelancer\\constructor-management\\construction_frontend\\next.config.ts"
2025-10-21T09:56:18.969844Z  INFO scan_sources: tailwindcss_oxide::scanner: Discovering "D:\\Freelancer\\constructor-management\\construction_frontend\\package.json"
2025-10-21T09:56:18.969894Z  INFO scan_sources: tailwindcss_oxide::scanner: Discovering "D:\\Freelancer\\constructor-management\\construction_frontend\\postcss.config.mjs"
2025-10-21T09:56:18.969985Z  INFO scan_sources: tailwindcss_oxide::scanner: Discovering "D:\\Freelancer\\constructor-management\\construction_frontend\\public"
2025-10-21T09:56:18.970123Z  INFO scan_sources: tailwindcss_oxide::scanner: Discovering "D:\\Freelancer\\constructor-management\\construction_frontend\\public\\banner"
2025-10-21T09:56:18.970301Z  INFO scan_sources: tailwindcss_oxide::scanner: Discovering "D:\\Freelancer\\constructor-management\\construction_frontend\\public\\certificate"
2025-10-21T09:56:18.970460Z  INFO scan_sources: tailwindcss_oxide::scanner: Discovering "D:\\Freelancer\\constructor-management\\construction_frontend\\public\\design-consulting"
2025-10-21T09:56:18.970628Z  INFO scan_sources: tailwindcss_oxide::scanner: Discovering "D:\\Freelancer\\constructor-management\\construction_frontend\\public\\file.svg"
2025-10-21T09:56:18.970677Z  INFO scan_sources: tailwindcss_oxide::scanner: Discovering "D:\\Freelancer\\constructor-management\\construction_frontend\\public\\globe.svg"
2025-10-21T09:56:18.970751Z  INFO scan_sources: tailwindcss_oxide::scanner: Discovering "D:\\Freelancer\\constructor-management\\construction_frontend\\public\\image"
2025-10-21T09:56:18.970885Z  INFO scan_sources: tailwindcss_oxide::scanner: Discovering "D:\\Freelancer\\constructor-management\\construction_frontend\\public\\next.svg"
2025-10-21T09:56:18.970978Z  INFO scan_sources: tailwindcss_oxide::scanner: Discovering "D:\\Freelancer\\constructor-management\\construction_frontend\\public\\persons"
2025-10-21T09:56:18.971132Z  INFO scan_sources: tailwindcss_oxide::scanner: Discovering "D:\\Freelancer\\constructor-management\\construction_frontend\\public\\products"
2025-10-21T09:56:18.971275Z  INFO scan_sources: tailwindcss_oxide::scanner: Discovering "D:\\Freelancer\\constructor-management\\construction_frontend\\public\\project-management"
2025-10-21T09:56:18.971415Z  INFO scan_sources: tailwindcss_oxide::scanner: Discovering "D:\\Freelancer\\constructor-management\\construction_frontend\\public\\vercel.svg"
2025-10-21T09:56:18.971524Z  INFO scan_sources: tailwindcss_oxide::scanner: Discovering "D:\\Freelancer\\constructor-management\\construction_frontend\\public\\window.svg"
2025-10-21T09:56:18.971605Z  INFO scan_sources: tailwindcss_oxide::scanner: Discovering "D:\\Freelancer\\constructor-management\\construction_frontend\\README.md"
2025-10-21T09:56:18.971680Z  INFO scan_sources: tailwindcss_oxide::scanner: Discovering "D:\\Freelancer\\constructor-management\\construction_frontend\\src"
2025-10-21T09:56:18.971813Z  INFO scan_sources: tailwindcss_oxide::scanner: Discovering "D:\\Freelancer\\constructor-management\\construction_frontend\\src\\app"
2025-10-21T09:56:18.971949Z  INFO scan_sources: tailwindcss_oxide::scanner: Discovering "D:\\Freelancer\\constructor-management\\construction_frontend\\src\\app\\about"
2025-10-21T09:56:18.972058Z  INFO scan_sources: tailwindcss_oxide::scanner: Discovering "D:\\Freelancer\\constructor-management\\construction_frontend\\src\\app\\about\\page.tsx"
2025-10-21T09:56:18.972146Z  INFO scan_sources: tailwindcss_oxide::scanner: Discovering "D:\\Freelancer\\constructor-management\\construction_frontend\\src\\app\\admin"
2025-10-21T09:56:18.972275Z  INFO scan_sources: tailwindcss_oxide::scanner: Discovering "D:\\Freelancer\\constructor-management\\construction_frontend\\src\\app\\admin\\contacts"
2025-10-21T09:56:18.972378Z  INFO scan_sources: tailwindcss_oxide::scanner: Discovering "D:\\Freelancer\\constructor-management\\construction_frontend\\src\\app\\admin\\contacts\\page.tsx"
2025-10-21T09:56:18.972460Z  INFO scan_sources: tailwindcss_oxide::scanner: Discovering "D:\\Freelancer\\constructor-management\\construction_frontend\\src\\app\\admin\\dashboard"
2025-10-21T09:56:18.972560Z  INFO scan_sources: tailwindcss_oxide::scanner: Discovering "D:\\Freelancer\\constructor-management\\construction_frontend\\src\\app\\admin\\dashboard\\page.tsx"
2025-10-21T09:56:18.972641Z  INFO scan_sources: tailwindcss_oxide::scanner: Discovering "D:\\Freelancer\\constructor-management\\construction_frontend\\src\\app\\admin\\design-templates"
2025-10-21T09:56:18.972743Z  INFO scan_sources: tailwindcss_oxide::scanner: Discovering "D:\\Freelancer\\constructor-management\\construction_frontend\\src\\app\\admin\\design-templates\\page.tsx"
2025-10-21T09:56:18.972804Z  INFO scan_sources: tailwindcss_oxide::scanner: Discovering "D:\\Freelancer\\constructor-management\\construction_frontend\\src\\app\\admin\\layout.tsx"
2025-10-21T09:56:18.972847Z  INFO scan_sources: tailwindcss_oxide::scanner: Discovering "D:\\Freelancer\\constructor-management\\construction_frontend\\src\\app\\admin\\page.tsx"
2025-10-21T09:56:18.972916Z  INFO scan_sources: tailwindcss_oxide::scanner: Discovering "D:\\Freelancer\\constructor-management\\construction_frontend\\src\\app\\admin\\projects"
2025-10-21T09:56:18.973065Z  INFO scan_sources: tailwindcss_oxide::scanner: Discovering "D:\\Freelancer\\constructor-management\\construction_frontend\\src\\app\\admin\\projects\\component"
2025-10-21T09:56:18.973172Z  INFO scan_sources: tailwindcss_oxide::scanner: Discovering "D:\\Freelancer\\constructor-management\\construction_frontend\\src\\app\\admin\\projects\\component\\DetailModal.tsx"
2025-10-21T09:56:18.973218Z  INFO scan_sources: tailwindcss_oxide::scanner: Discovering "D:\\Freelancer\\constructor-management\\construction_frontend\\src\\app\\admin\\projects\\component\\FormModal.tsx"
2025-10-21T09:56:18.973265Z  INFO scan_sources: tailwindcss_oxide::scanner: Discovering "D:\\Freelancer\\constructor-management\\construction_frontend\\src\\app\\admin\\projects\\component\\ProjectColumns.tsx"
2025-10-21T09:56:18.973351Z  INFO scan_sources: tailwindcss_oxide::scanner: Discovering "D:\\Freelancer\\constructor-management\\construction_frontend\\src\\app\\admin\\projects\\hooks"
2025-10-21T09:56:18.973453Z  INFO scan_sources: tailwindcss_oxide::scanner: Discovering "D:\\Freelancer\\constructor-management\\construction_frontend\\src\\app\\admin\\projects\\hooks\\useProjectManagement.ts"
2025-10-21T09:56:18.973545Z  INFO scan_sources: tailwindcss_oxide::scanner: Discovering "D:\\Freelancer\\constructor-management\\construction_frontend\\src\\app\\admin\\projects\\page.tsx"
2025-10-21T09:56:18.973591Z  INFO scan_sources: tailwindcss_oxide::scanner: Discovering "D:\\Freelancer\\constructor-management\\construction_frontend\\src\\app\\admin\\projects\\projects-management.tsx"
2025-10-21T09:56:18.973684Z  INFO scan_sources: tailwindcss_oxide::scanner: Discovering "D:\\Freelancer\\constructor-management\\construction_frontend\\src\\app\\api"
2025-10-21T09:56:18.973805Z  INFO scan_sources: tailwindcss_oxide::scanner: Discovering "D:\\Freelancer\\constructor-management\\construction_frontend\\src\\app\\api\\auth"
2025-10-21T09:56:18.973928Z  INFO scan_sources: tailwindcss_oxide::scanner: Discovering "D:\\Freelancer\\constructor-management\\construction_frontend\\src\\app\\api\\auth\\register"
2025-10-21T09:56:18.974052Z  INFO scan_sources: tailwindcss_oxide::scanner: Discovering "D:\\Freelancer\\constructor-management\\construction_frontend\\src\\app\\api\\auth\\register\\route.ts"
2025-10-21T09:56:18.974139Z  INFO scan_sources: tailwindcss_oxide::scanner: Discovering "D:\\Freelancer\\constructor-management\\construction_frontend\\src\\app\\api\\auth\\[...nextauth]"
2025-10-21T09:56:18.974253Z  INFO scan_sources: tailwindcss_oxide::scanner: Discovering "D:\\Freelancer\\constructor-management\\construction_frontend\\src\\app\\api\\auth\\[...nextauth]\\route.ts"
2025-10-21T09:56:18.974356Z  INFO scan_sources: tailwindcss_oxide::scanner: Discovering "D:\\Freelancer\\constructor-management\\construction_frontend\\src\\app\\auth"
2025-10-21T09:56:18.974458Z  INFO scan_sources: tailwindcss_oxide::scanner: Discovering "D:\\Freelancer\\constructor-management\\construction_frontend\\src\\app\\auth\\auth.css"
2025-10-21T09:56:18.974532Z  INFO scan_sources: tailwindcss_oxide::scanner: Discovering "D:\\Freelancer\\constructor-management\\construction_frontend\\src\\app\\auth\\component"
2025-10-21T09:56:18.974639Z  INFO scan_sources: tailwindcss_oxide::scanner: Discovering "D:\\Freelancer\\constructor-management\\construction_frontend\\src\\app\\auth\\component\\LoginForm.tsx"
2025-10-21T09:56:18.974686Z  INFO scan_sources: tailwindcss_oxide::scanner: Discovering "D:\\Freelancer\\constructor-management\\construction_frontend\\src\\app\\auth\\component\\RegisterForm.tsx"
2025-10-21T09:56:18.974741Z  INFO scan_sources: tailwindcss_oxide::scanner: Discovering "D:\\Freelancer\\constructor-management\\construction_frontend\\src\\app\\auth\\layout.tsx"
2025-10-21T09:56:18.974786Z  INFO scan_sources: tailwindcss_oxide::scanner: Discovering "D:\\Freelancer\\constructor-management\\construction_frontend\\src\\app\\auth\\page.tsx"
2025-10-21T09:56:18.974858Z  INFO scan_sources: tailwindcss_oxide::scanner: Discovering "D:\\Freelancer\\constructor-management\\construction_frontend\\src\\app\\auth\\redirect"
2025-10-21T09:56:18.974974Z  INFO scan_sources: tailwindcss_oxide::scanner: Discovering "D:\\Freelancer\\constructor-management\\construction_frontend\\src\\app\\auth\\redirect\\page.tsx"
2025-10-21T09:56:18.975070Z  INFO scan_sources: tailwindcss_oxide::scanner: Discovering "D:\\Freelancer\\constructor-management\\construction_frontend\\src\\app\\contact"
2025-10-21T09:56:18.975169Z  INFO scan_sources: tailwindcss_oxide::scanner: Discovering "D:\\Freelancer\\constructor-management\\construction_frontend\\src\\app\\contact\\page.tsx"
2025-10-21T09:56:18.975234Z  INFO scan_sources: tailwindcss_oxide::scanner: Discovering "D:\\Freelancer\\constructor-management\\construction_frontend\\src\\app\\globals.css"
2025-10-21T09:56:18.975279Z  INFO scan_sources: tailwindcss_oxide::scanner: Discovering "D:\\Freelancer\\constructor-management\\construction_frontend\\src\\app\\layout.tsx"
2025-10-21T09:56:18.975323Z  INFO scan_sources: tailwindcss_oxide::scanner: Discovering "D:\\Freelancer\\constructor-management\\construction_frontend\\src\\app\\not-found.tsx"
2025-10-21T09:56:18.975367Z  INFO scan_sources: tailwindcss_oxide::scanner: Discovering "D:\\Freelancer\\constructor-management\\construction_frontend\\src\\app\\page.tsx"
2025-10-21T09:56:18.975439Z  INFO scan_sources: tailwindcss_oxide::scanner: Discovering "D:\\Freelancer\\constructor-management\\construction_frontend\\src\\app\\projects"
2025-10-21T09:56:18.975569Z  INFO scan_sources: tailwindcss_oxide::scanner: Discovering "D:\\Freelancer\\constructor-management\\construction_frontend\\src\\app\\projects\\completed"
2025-10-21T09:56:18.975669Z  INFO scan_sources: tailwindcss_oxide::scanner: Discovering "D:\\Freelancer\\constructor-management\\construction_frontend\\src\\app\\projects\\completed\\page.tsx"
2025-10-21T09:56:18.975750Z  INFO scan_sources: tailwindcss_oxide::scanner: Discovering "D:\\Freelancer\\constructor-management\\construction_frontend\\src\\app\\projects\\design-templates"
2025-10-21T09:56:18.975847Z  INFO scan_sources: tailwindcss_oxide::scanner: Discovering "D:\\Freelancer\\constructor-management\\construction_frontend\\src\\app\\projects\\design-templates\\page.tsx"
2025-10-21T09:56:18.975929Z  INFO scan_sources: tailwindcss_oxide::scanner: Discovering "D:\\Freelancer\\constructor-management\\construction_frontend\\src\\app\\projects\\in-progress"
2025-10-21T09:56:18.976049Z  INFO scan_sources: tailwindcss_oxide::scanner: Discovering "D:\\Freelancer\\constructor-management\\construction_frontend\\src\\app\\projects\\in-progress\\page.tsx"
2025-10-21T09:56:18.976107Z  INFO scan_sources: tailwindcss_oxide::scanner: Discovering "D:\\Freelancer\\constructor-management\\construction_frontend\\src\\app\\projects\\page.tsx"
2025-10-21T09:56:18.976174Z  INFO scan_sources: tailwindcss_oxide::scanner: Discovering "D:\\Freelancer\\constructor-management\\construction_frontend\\src\\app\\projects\\[slug]"
2025-10-21T09:56:18.976276Z  INFO scan_sources: tailwindcss_oxide::scanner: Discovering "D:\\Freelancer\\constructor-management\\construction_frontend\\src\\app\\projects\\[slug]\\page.tsx"
2025-10-21T09:56:18.976369Z  INFO scan_sources: tailwindcss_oxide::scanner: Discovering "D:\\Freelancer\\constructor-management\\construction_frontend\\src\\app\\services"
2025-10-21T09:56:18.976495Z  INFO scan_sources: tailwindcss_oxide::scanner: Discovering "D:\\Freelancer\\constructor-management\\construction_frontend\\src\\app\\services\\bidding-consulting"
2025-10-21T09:56:18.976595Z  INFO scan_sources: tailwindcss_oxide::scanner: Discovering "D:\\Freelancer\\constructor-management\\construction_frontend\\src\\app\\services\\bidding-consulting\\page.tsx"
2025-10-21T09:56:18.976676Z  INFO scan_sources: tailwindcss_oxide::scanner: Discovering "D:\\Freelancer\\constructor-management\\construction_frontend\\src\\app\\services\\construction"
2025-10-21T09:56:18.976772Z  INFO scan_sources: tailwindcss_oxide::scanner: Discovering "D:\\Freelancer\\constructor-management\\construction_frontend\\src\\app\\services\\construction\\page.tsx"
2025-10-21T09:56:18.976852Z  INFO scan_sources: tailwindcss_oxide::scanner: Discovering "D:\\Freelancer\\constructor-management\\construction_frontend\\src\\app\\services\\design-consulting"
2025-10-21T09:56:18.976964Z  INFO scan_sources: tailwindcss_oxide::scanner: Discovering "D:\\Freelancer\\constructor-management\\construction_frontend\\src\\app\\services\\design-consulting\\page.tsx"
2025-10-21T09:56:18.977024Z  INFO scan_sources: tailwindcss_oxide::scanner: Discovering "D:\\Freelancer\\constructor-management\\construction_frontend\\src\\app\\services\\page.tsx"
2025-10-21T09:56:18.977092Z  INFO scan_sources: tailwindcss_oxide::scanner: Discovering "D:\\Freelancer\\constructor-management\\construction_frontend\\src\\app\\services\\project-management"
2025-10-21T09:56:18.977192Z  INFO scan_sources: tailwindcss_oxide::scanner: Discovering "D:\\Freelancer\\constructor-management\\construction_frontend\\src\\app\\services\\project-management\\page.tsx"
2025-10-21T09:56:18.977274Z  INFO scan_sources: tailwindcss_oxide::scanner: Discovering "D:\\Freelancer\\constructor-management\\construction_frontend\\src\\app\\services\\supervision"
2025-10-21T09:56:18.977370Z  INFO scan_sources: tailwindcss_oxide::scanner: Discovering "D:\\Freelancer\\constructor-management\\construction_frontend\\src\\app\\services\\supervision\\page.tsx"
2025-10-21T09:56:18.977502Z  INFO scan_sources: tailwindcss_oxide::scanner: Discovering "D:\\Freelancer\\constructor-management\\construction_frontend\\src\\app\\store"
2025-10-21T09:56:18.977605Z  INFO scan_sources: tailwindcss_oxide::scanner: Discovering "D:\\Freelancer\\constructor-management\\construction_frontend\\src\\app\\store\\page.tsx"
2025-10-21T09:56:18.977702Z  INFO scan_sources: tailwindcss_oxide::scanner: Discovering "D:\\Freelancer\\constructor-management\\construction_frontend\\src\\components"
2025-10-21T09:56:18.977826Z  INFO scan_sources: tailwindcss_oxide::scanner: Discovering "D:\\Freelancer\\constructor-management\\construction_frontend\\src\\components\\admin"
2025-10-21T09:56:18.977925Z  INFO scan_sources: tailwindcss_oxide::scanner: Discovering "D:\\Freelancer\\constructor-management\\construction_frontend\\src\\components\\admin\\AdminProtected.tsx"
2025-10-21T09:56:18.977990Z  INFO scan_sources: tailwindcss_oxide::scanner: Discovering "D:\\Freelancer\\constructor-management\\construction_frontend\\src\\components\\admin\\AdminProvider.tsx"
2025-10-21T09:56:18.978048Z  INFO scan_sources: tailwindcss_oxide::scanner: Discovering "D:\\Freelancer\\constructor-management\\construction_frontend\\src\\components\\AntdRegistry.tsx"
2025-10-21T09:56:18.978117Z  INFO scan_sources: tailwindcss_oxide::scanner: Discovering "D:\\Freelancer\\constructor-management\\construction_frontend\\src\\components\\auth"
2025-10-21T09:56:18.978217Z  INFO scan_sources: tailwindcss_oxide::scanner: Discovering "D:\\Freelancer\\constructor-management\\construction_frontend\\src\\components\\auth\\AuthButtons.tsx"
2025-10-21T09:56:18.978264Z  INFO scan_sources: tailwindcss_oxide::scanner: Discovering "D:\\Freelancer\\constructor-management\\construction_frontend\\src\\components\\auth\\UnauthorizedPage.tsx"
2025-10-21T09:56:18.978320Z  INFO scan_sources: tailwindcss_oxide::scanner: Discovering "D:\\Freelancer\\constructor-management\\construction_frontend\\src\\components\\ConditionalLayout.tsx"
2025-10-21T09:56:18.978373Z  INFO scan_sources: tailwindcss_oxide::scanner: Discovering "D:\\Freelancer\\constructor-management\\construction_frontend\\src\\components\\Footer.tsx"
2025-10-21T09:56:18.978415Z  INFO scan_sources: tailwindcss_oxide::scanner: Discovering "D:\\Freelancer\\constructor-management\\construction_frontend\\src\\components\\Header.tsx"
2025-10-21T09:56:18.978458Z  INFO scan_sources: tailwindcss_oxide::scanner: Discovering "D:\\Freelancer\\constructor-management\\construction_frontend\\src\\components\\MainContent.tsx"
2025-10-21T09:56:18.978500Z  INFO scan_sources: tailwindcss_oxide::scanner: Discovering "D:\\Freelancer\\constructor-management\\construction_frontend\\src\\components\\MUIThemeProvider.tsx"
2025-10-21T09:56:18.978568Z  INFO scan_sources: tailwindcss_oxide::scanner: Discovering "D:\\Freelancer\\constructor-management\\construction_frontend\\src\\components\\ui"
2025-10-21T09:56:18.978671Z  INFO scan_sources: tailwindcss_oxide::scanner: Discovering "D:\\Freelancer\\constructor-management\\construction_frontend\\src\\components\\ui\\BrandLogo.tsx"
2025-10-21T09:56:18.978717Z  INFO scan_sources: tailwindcss_oxide::scanner: Discovering "D:\\Freelancer\\constructor-management\\construction_frontend\\src\\components\\ui\\button.tsx"
2025-10-21T09:56:18.978760Z  INFO scan_sources: tailwindcss_oxide::scanner: Discovering "D:\\Freelancer\\constructor-management\\construction_frontend\\src\\components\\ui\\card.tsx"
2025-10-21T09:56:18.978802Z  INFO scan_sources: tailwindcss_oxide::scanner: Discovering "D:\\Freelancer\\constructor-management\\construction_frontend\\src\\components\\ui\\ImageMarquee.tsx"
2025-10-21T09:56:18.978843Z  INFO scan_sources: tailwindcss_oxide::scanner: Discovering "D:\\Freelancer\\constructor-management\\construction_frontend\\src\\components\\ui\\PhoneButton.tsx"
2025-10-21T09:56:18.978886Z  INFO scan_sources: tailwindcss_oxide::scanner: Discovering "D:\\Freelancer\\constructor-management\\construction_frontend\\src\\components\\ui\\tabs.tsx"
2025-10-21T09:56:18.979014Z  INFO scan_sources: tailwindcss_oxide::scanner: Discovering "D:\\Freelancer\\constructor-management\\construction_frontend\\src\\constants"
2025-10-21T09:56:18.979117Z  INFO scan_sources: tailwindcss_oxide::scanner: Discovering "D:\\Freelancer\\constructor-management\\construction_frontend\\src\\constants\\contact.ts"
2025-10-21T09:56:18.979204Z  INFO scan_sources: tailwindcss_oxide::scanner: Discovering "D:\\Freelancer\\constructor-management\\construction_frontend\\src\\contexts"
2025-10-21T09:56:18.979303Z  INFO scan_sources: tailwindcss_oxide::scanner: Discovering "D:\\Freelancer\\constructor-management\\construction_frontend\\src\\contexts\\LocaleContext.tsx"
2025-10-21T09:56:18.979388Z  INFO scan_sources: tailwindcss_oxide::scanner: Discovering "D:\\Freelancer\\constructor-management\\construction_frontend\\src\\hooks"
2025-10-21T09:56:18.979491Z  INFO scan_sources: tailwindcss_oxide::scanner: Discovering "D:\\Freelancer\\constructor-management\\construction_frontend\\src\\hooks\\useAuth.ts"
2025-10-21T09:56:18.979535Z  INFO scan_sources: tailwindcss_oxide::scanner: Discovering "D:\\Freelancer\\constructor-management\\construction_frontend\\src\\hooks\\useContacts.ts"
2025-10-21T09:56:18.979577Z  INFO scan_sources: tailwindcss_oxide::scanner: Discovering "D:\\Freelancer\\constructor-management\\construction_frontend\\src\\hooks\\useProjectCategories.ts"
2025-10-21T09:56:18.979618Z  INFO scan_sources: tailwindcss_oxide::scanner: Discovering "D:\\Freelancer\\constructor-management\\construction_frontend\\src\\hooks\\useProjects.ts"
2025-10-21T09:56:18.979660Z  INFO scan_sources: tailwindcss_oxide::scanner: Discovering "D:\\Freelancer\\constructor-management\\construction_frontend\\src\\hooks\\useScrollAnimations.tsx"
2025-10-21T09:56:18.979702Z  INFO scan_sources: tailwindcss_oxide::scanner: Discovering "D:\\Freelancer\\constructor-management\\construction_frontend\\src\\hooks\\useTranslations.ts"
2025-10-21T09:56:18.979782Z  INFO scan_sources: tailwindcss_oxide::scanner: Discovering "D:\\Freelancer\\constructor-management\\construction_frontend\\src\\lib"
2025-10-21T09:56:18.979878Z  INFO scan_sources: tailwindcss_oxide::scanner: Discovering "D:\\Freelancer\\constructor-management\\construction_frontend\\src\\lib\\axios.ts"
2025-10-21T09:56:18.979921Z  INFO scan_sources: tailwindcss_oxide::scanner: Discovering "D:\\Freelancer\\constructor-management\\construction_frontend\\src\\lib\\utils.ts"
2025-10-21T09:56:18.980000Z  INFO scan_sources: tailwindcss_oxide::scanner: Discovering "D:\\Freelancer\\constructor-management\\construction_frontend\\src\\middleware.ts"
2025-10-21T09:56:18.980071Z  INFO scan_sources: tailwindcss_oxide::scanner: Discovering "D:\\Freelancer\\constructor-management\\construction_frontend\\src\\providers"
2025-10-21T09:56:18.980170Z  INFO scan_sources: tailwindcss_oxide::scanner: Discovering "D:\\Freelancer\\constructor-management\\construction_frontend\\src\\providers\\AuthProvider.tsx"
2025-10-21T09:56:18.980214Z  INFO scan_sources: tailwindcss_oxide::scanner: Discovering "D:\\Freelancer\\constructor-management\\construction_frontend\\src\\providers\\QueryProvider.tsx"
2025-10-21T09:56:18.980294Z  INFO scan_sources: tailwindcss_oxide::scanner: Discovering "D:\\Freelancer\\constructor-management\\construction_frontend\\src\\services"
2025-10-21T09:56:18.980395Z  INFO scan_sources: tailwindcss_oxide::scanner: Discovering "D:\\Freelancer\\constructor-management\\construction_frontend\\src\\services\\authService.ts"
2025-10-21T09:56:18.980438Z  INFO scan_sources: tailwindcss_oxide::scanner: Discovering "D:\\Freelancer\\constructor-management\\construction_frontend\\src\\services\\cloudinaryService.ts"
2025-10-21T09:56:18.980480Z  INFO scan_sources: tailwindcss_oxide::scanner: Discovering "D:\\Freelancer\\constructor-management\\construction_frontend\\src\\services\\contactService.ts"
2025-10-21T09:56:18.980532Z  INFO scan_sources: tailwindcss_oxide::scanner: Discovering "D:\\Freelancer\\constructor-management\\construction_frontend\\src\\services\\projectCategoriesService.ts"
2025-10-21T09:56:18.980607Z  INFO scan_sources: tailwindcss_oxide::scanner: Discovering "D:\\Freelancer\\constructor-management\\construction_frontend\\src\\services\\projectService.ts"
2025-10-21T09:56:18.980733Z  INFO scan_sources: tailwindcss_oxide::scanner: Discovering "D:\\Freelancer\\constructor-management\\construction_frontend\\src\\types"
2025-10-21T09:56:18.980844Z  INFO scan_sources: tailwindcss_oxide::scanner: Discovering "D:\\Freelancer\\constructor-management\\construction_frontend\\src\\types\\api.ts"
2025-10-21T09:56:18.980889Z  INFO scan_sources: tailwindcss_oxide::scanner: Discovering "D:\\Freelancer\\constructor-management\\construction_frontend\\src\\types\\contact.ts"
2025-10-21T09:56:18.980933Z  INFO scan_sources: tailwindcss_oxide::scanner: Discovering "D:\\Freelancer\\constructor-management\\construction_frontend\\src\\types\\next-auth.d.ts"
2025-10-21T09:56:18.980998Z  INFO scan_sources: tailwindcss_oxide::scanner: Discovering "D:\\Freelancer\\constructor-management\\construction_frontend\\src\\types\\project.ts"
2025-10-21T09:56:18.981044Z  INFO scan_sources: tailwindcss_oxide::scanner: Discovering "D:\\Freelancer\\constructor-management\\construction_frontend\\src\\types\\projectCategory.ts"
2025-10-21T09:56:18.981126Z  INFO scan_sources: tailwindcss_oxide::scanner: Discovering "D:\\Freelancer\\constructor-management\\construction_frontend\\src\\utils"
2025-10-21T09:56:18.981235Z  INFO scan_sources: tailwindcss_oxide::scanner: Discovering "D:\\Freelancer\\constructor-management\\construction_frontend\\src\\utils\\projectHelpers.ts"
2025-10-21T09:56:18.981352Z  INFO scan_sources: tailwindcss_oxide::scanner: Discovering "D:\\Freelancer\\constructor-management\\construction_frontend\\tsconfig.json"
2025-10-21T09:56:18.981529Z  INFO scan_sources: tailwindcss_oxide::scanner: exit
2025-10-21T09:56:18.981546Z  INFO extract_candidates: tailwindcss_oxide::scanner: enter
2025-10-21T09:56:18.981562Z  INFO extract_candidates:read_all_files: tailwindcss_oxide::scanner: enter
2025-10-21T09:56:18.981566Z  INFO extract_candidates:read_all_files: tailwindcss_oxide::scanner: Reading 89 file(s)
2025-10-21T09:56:18.982319Z  INFO tailwindcss_oxide::scanner: Reading "D:\\Freelancer\\constructor-management\\construction_frontend\\package.json"
2025-10-21T09:56:18.982318Z  INFO tailwindcss_oxide::scanner: Reading "D:\\Freelancer\\constructor-management\\construction_frontend\\src\\app\\layout.tsx"
2025-10-21T09:56:18.982494Z  INFO tailwindcss_oxide::scanner: Reading "D:\\Freelancer\\constructor-management\\construction_frontend\\postcss.config.mjs"
2025-10-21T09:56:19.002397Z  INFO tailwindcss_oxide::scanner: Reading "D:\\Freelancer\\constructor-management\\construction_frontend\\src\\app\\admin\\projects\\page.tsx"
2025-10-21T09:56:19.003367Z  INFO tailwindcss_oxide::scanner: Reading "D:\\Freelancer\\constructor-management\\construction_frontend\\messages\\en.json"
2025-10-21T09:56:19.004830Z  INFO tailwindcss_oxide::scanner: Reading "D:\\Freelancer\\constructor-management\\construction_frontend\\src\\components\\admin\\AdminProvider.tsx"
2025-10-21T09:56:19.005301Z  INFO tailwindcss_oxide::scanner: Reading "D:\\Freelancer\\constructor-management\\construction_frontend\\public\\file.svg"
2025-10-21T09:56:19.006141Z  INFO tailwindcss_oxide::scanner: Reading "D:\\Freelancer\\constructor-management\\construction_frontend\\public\\window.svg"
2025-10-21T09:56:19.006430Z  INFO tailwindcss_oxide::scanner: Reading "D:\\Freelancer\\constructor-management\\construction_frontend\\public\\globe.svg"
2025-10-21T09:56:19.006580Z  INFO tailwindcss_oxide::scanner: Reading "D:\\Freelancer\\constructor-management\\construction_frontend\\README.md"
2025-10-21T09:56:19.006894Z  INFO tailwindcss_oxide::scanner: Reading "D:\\Freelancer\\constructor-management\\construction_frontend\\src\\app\\not-found.tsx"
2025-10-21T09:56:19.007691Z  INFO tailwindcss_oxide::scanner: Reading "D:\\Freelancer\\constructor-management\\construction_frontend\\src\\app\\page.tsx"
2025-10-21T09:56:19.007919Z  INFO tailwindcss_oxide::scanner: Reading "D:\\Freelancer\\constructor-management\\construction_frontend\\src\\app\\services\\page.tsx"
2025-10-21T09:56:19.009314Z  INFO tailwindcss_oxide::scanner: Reading "D:\\Freelancer\\constructor-management\\construction_frontend\\src\\app\\auth\\page.tsx"
2025-10-21T09:56:19.009888Z  INFO tailwindcss_oxide::scanner: Reading "D:\\Freelancer\\constructor-management\\construction_frontend\\src\\app\\admin\\projects\\projects-management.tsx"
2025-10-21T09:56:19.011114Z  INFO tailwindcss_oxide::scanner: Reading "D:\\Freelancer\\constructor-management\\construction_frontend\\src\\app\\auth\\component\\LoginForm.tsx"
2025-10-21T09:56:19.011341Z  INFO tailwindcss_oxide::scanner: Reading "D:\\Freelancer\\constructor-management\\construction_frontend\\.vscode\\launch.json"
2025-10-21T09:56:19.011500Z  INFO tailwindcss_oxide::scanner: Reading "D:\\Freelancer\\constructor-management\\construction_frontend\\src\\app\\api\\auth\\[...nextauth]\\route.ts"
2025-10-21T09:56:19.015542Z  INFO tailwindcss_oxide::scanner: Reading "D:\\Freelancer\\constructor-management\\construction_frontend\\src\\hooks\\useAuth.ts"
2025-10-21T09:56:19.017005Z  INFO tailwindcss_oxide::scanner: Reading "D:\\Freelancer\\constructor-management\\construction_frontend\\src\\app\\admin\\design-templates\\page.tsx"
2025-10-21T09:56:19.018269Z  INFO tailwindcss_oxide::scanner: Reading "D:\\Freelancer\\constructor-management\\construction_frontend\\src\\app\\admin\\projects\\hooks\\useProjectManagement.ts"
2025-10-21T09:56:19.022917Z  INFO tailwindcss_oxide::scanner: Reading "D:\\Freelancer\\constructor-management\\construction_frontend\\src\\components\\Header.tsx"
2025-10-21T09:56:19.023346Z  INFO tailwindcss_oxide::scanner: Reading "D:\\Freelancer\\constructor-management\\construction_frontend\\messages\\vi.json"
2025-10-21T09:56:19.023594Z  INFO tailwindcss_oxide::scanner: Reading "D:\\Freelancer\\constructor-management\\construction_frontend\\next.config.ts"
2025-10-21T09:56:19.030048Z  INFO tailwindcss_oxide::scanner: Reading "D:\\Freelancer\\constructor-management\\construction_frontend\\public\\next.svg"
2025-10-21T09:56:19.030720Z  INFO tailwindcss_oxide::scanner: Reading "D:\\Freelancer\\constructor-management\\construction_frontend\\src\\app\\projects\\in-progress\\page.tsx"
2025-10-21T09:56:19.033457Z  INFO tailwindcss_oxide::scanner: Reading "D:\\Freelancer\\constructor-management\\construction_frontend\\eslint.config.mjs"
2025-10-21T09:56:19.034436Z  INFO tailwindcss_oxide::scanner: Reading "D:\\Freelancer\\constructor-management\\construction_frontend\\src\\components\\AntdRegistry.tsx"
2025-10-21T09:56:19.036596Z  INFO tailwindcss_oxide::scanner: Reading "D:\\Freelancer\\constructor-management\\construction_frontend\\src\\app\\services\\project-management\\page.tsx"
2025-10-21T09:56:19.036970Z  INFO tailwindcss_oxide::scanner: Reading "D:\\Freelancer\\constructor-management\\construction_frontend\\src\\app\\about\\page.tsx"
2025-10-21T09:56:19.037813Z  INFO tailwindcss_oxide::scanner: Reading "D:\\Freelancer\\constructor-management\\construction_frontend\\src\\app\\projects\\completed\\page.tsx"
2025-10-21T09:56:19.038175Z  INFO tailwindcss_oxide::scanner: Reading "D:\\Freelancer\\constructor-management\\construction_frontend\\src\\app\\auth\\redirect\\page.tsx"
2025-10-21T09:56:19.044491Z  INFO tailwindcss_oxide::scanner: Reading "D:\\Freelancer\\constructor-management\\construction_frontend\\src\\app\\api\\auth\\register\\route.ts"
2025-10-21T09:56:19.044955Z  INFO tailwindcss_oxide::scanner: Reading "D:\\Freelancer\\constructor-management\\construction_frontend\\src\\app\\auth\\component\\RegisterForm.tsx"
2025-10-21T09:56:19.045463Z  INFO tailwindcss_oxide::scanner: Reading "D:\\Freelancer\\constructor-management\\construction_frontend\\src\\app\\admin\\layout.tsx"
2025-10-21T09:56:19.045513Z  INFO tailwindcss_oxide::scanner: Reading "D:\\Freelancer\\constructor-management\\construction_frontend\\src\\hooks\\useContacts.ts"
2025-10-21T09:56:19.047481Z  INFO tailwindcss_oxide::scanner: Reading "D:\\Freelancer\\constructor-management\\construction_frontend\\public\\vercel.svg"
2025-10-21T09:56:19.048315Z  INFO tailwindcss_oxide::scanner: Reading "D:\\Freelancer\\constructor-management\\construction_frontend\\src\\components\\MainContent.tsx"
2025-10-21T09:56:19.049336Z  INFO tailwindcss_oxide::scanner: Reading "D:\\Freelancer\\constructor-management\\construction_frontend\\src\\app\\admin\\contacts\\page.tsx"
2025-10-21T09:56:19.059382Z  INFO tailwindcss_oxide::scanner: Reading "D:\\Freelancer\\constructor-management\\construction_frontend\\src\\app\\admin\\projects\\component\\DetailModal.tsx"
2025-10-21T09:56:19.059504Z  INFO tailwindcss_oxide::scanner: Reading "D:\\Freelancer\\constructor-management\\construction_frontend\\src\\components\\auth\\AuthButtons.tsx"
2025-10-21T09:56:19.060253Z  INFO tailwindcss_oxide::scanner: Reading "D:\\Freelancer\\constructor-management\\construction_frontend\\src\\app\\auth\\layout.tsx"
2025-10-21T09:56:19.062723Z  INFO tailwindcss_oxide::scanner: Reading "D:\\Freelancer\\constructor-management\\construction_frontend\\src\\app\\admin\\page.tsx"
2025-10-21T09:56:19.064054Z  INFO tailwindcss_oxide::scanner: Reading "D:\\Freelancer\\constructor-management\\construction_frontend\\src\\app\\projects\\design-templates\\page.tsx"
2025-10-21T09:56:19.064768Z  INFO tailwindcss_oxide::scanner: Reading "D:\\Freelancer\\constructor-management\\construction_frontend\\src\\app\\services\\supervision\\page.tsx"
2025-10-21T09:56:19.065197Z  INFO tailwindcss_oxide::scanner: Reading "D:\\Freelancer\\constructor-management\\construction_frontend\\src\\app\\services\\bidding-consulting\\page.tsx"
2025-10-21T09:56:19.065425Z  INFO tailwindcss_oxide::scanner: Reading "D:\\Freelancer\\constructor-management\\construction_frontend\\src\\app\\projects\\page.tsx"
2025-10-21T09:56:19.066145Z  INFO tailwindcss_oxide::scanner: Reading "D:\\Freelancer\\constructor-management\\construction_frontend\\src\\types\\contact.ts"
2025-10-21T09:56:19.073721Z  INFO tailwindcss_oxide::scanner: Reading "D:\\Freelancer\\constructor-management\\construction_frontend\\src\\app\\store\\page.tsx"
2025-10-21T09:56:19.075535Z  INFO tailwindcss_oxide::scanner: Reading "D:\\Freelancer\\constructor-management\\construction_frontend\\src\\hooks\\useProjectCategories.ts"
2025-10-21T09:56:19.076175Z  INFO tailwindcss_oxide::scanner: Reading "D:\\Freelancer\\constructor-management\\construction_frontend\\src\\app\\admin\\dashboard\\page.tsx"
2025-10-21T09:56:19.076977Z  INFO tailwindcss_oxide::scanner: Reading "D:\\Freelancer\\constructor-management\\construction_frontend\\src\\middleware.ts"
2025-10-21T09:56:19.077489Z  INFO tailwindcss_oxide::scanner: Reading "D:\\Freelancer\\constructor-management\\construction_frontend\\src\\components\\ui\\card.tsx"
2025-10-21T09:56:19.078358Z  INFO tailwindcss_oxide::scanner: Reading "D:\\Freelancer\\constructor-management\\construction_frontend\\src\\app\\contact\\page.tsx"
2025-10-21T09:56:19.082438Z  INFO tailwindcss_oxide::scanner: Reading "D:\\Freelancer\\constructor-management\\construction_frontend\\src\\types\\next-auth.d.ts"
2025-10-21T09:56:19.082867Z  INFO tailwindcss_oxide::scanner: Reading "D:\\Freelancer\\constructor-management\\construction_frontend\\src\\components\\MUIThemeProvider.tsx"
2025-10-21T09:56:19.083081Z  INFO tailwindcss_oxide::scanner: Reading "D:\\Freelancer\\constructor-management\\construction_frontend\\src\\components\\auth\\UnauthorizedPage.tsx"
2025-10-21T09:56:19.088257Z  INFO tailwindcss_oxide::scanner: Reading "D:\\Freelancer\\constructor-management\\construction_frontend\\src\\hooks\\useTranslations.ts"
2025-10-21T09:56:19.088620Z  INFO tailwindcss_oxide::scanner: Reading "D:\\Freelancer\\constructor-management\\construction_frontend\\src\\hooks\\useScrollAnimations.tsx"
2025-10-21T09:56:19.091257Z  INFO tailwindcss_oxide::scanner: Reading "D:\\Freelancer\\constructor-management\\construction_frontend\\src\\app\\admin\\projects\\component\\FormModal.tsx"
2025-10-21T09:56:19.091257Z  INFO tailwindcss_oxide::scanner: Reading "D:\\Freelancer\\constructor-management\\construction_frontend\\src\\app\\admin\\projects\\component\\ProjectColumns.tsx"
2025-10-21T09:56:19.093243Z  INFO tailwindcss_oxide::scanner: Reading "D:\\Freelancer\\constructor-management\\construction_frontend\\src\\services\\authService.ts"
2025-10-21T09:56:19.093821Z  INFO tailwindcss_oxide::scanner: Reading "D:\\Freelancer\\constructor-management\\construction_frontend\\src\\app\\projects\\[slug]\\page.tsx"
2025-10-21T09:56:19.099517Z  INFO tailwindcss_oxide::scanner: Reading "D:\\Freelancer\\constructor-management\\construction_frontend\\src\\providers\\AuthProvider.tsx"
2025-10-21T09:56:19.099808Z  INFO tailwindcss_oxide::scanner: Reading "D:\\Freelancer\\constructor-management\\construction_frontend\\src\\components\\admin\\AdminProtected.tsx"
2025-10-21T09:56:19.100089Z  INFO tailwindcss_oxide::scanner: Reading "D:\\Freelancer\\constructor-management\\construction_frontend\\tsconfig.json"
2025-10-21T09:56:19.100378Z  INFO tailwindcss_oxide::scanner: Reading "D:\\Freelancer\\constructor-management\\construction_frontend\\src\\hooks\\useProjects.ts"
2025-10-21T09:56:19.101318Z  INFO tailwindcss_oxide::scanner: Reading "D:\\Freelancer\\constructor-management\\construction_frontend\\src\\types\\project.ts"
2025-10-21T09:56:19.104765Z  INFO tailwindcss_oxide::scanner: Reading "D:\\Freelancer\\constructor-management\\construction_frontend\\src\\providers\\QueryProvider.tsx"
2025-10-21T09:56:19.106882Z  INFO tailwindcss_oxide::scanner: Reading "D:\\Freelancer\\constructor-management\\construction_frontend\\src\\types\\projectCategory.ts"
2025-10-21T09:56:19.107228Z  INFO tailwindcss_oxide::scanner: Reading "D:\\Freelancer\\constructor-management\\construction_frontend\\src\\app\\services\\construction\\page.tsx"
2025-10-21T09:56:19.111230Z  INFO tailwindcss_oxide::scanner: Reading "D:\\Freelancer\\constructor-management\\construction_frontend\\src\\components\\ui\\BrandLogo.tsx"
2025-10-21T09:56:19.114396Z  INFO tailwindcss_oxide::scanner: Reading "D:\\Freelancer\\constructor-management\\construction_frontend\\src\\components\\ConditionalLayout.tsx"
2025-10-21T09:56:19.115527Z  INFO tailwindcss_oxide::scanner: Reading "D:\\Freelancer\\constructor-management\\construction_frontend\\src\\app\\services\\design-consulting\\page.tsx"
2025-10-21T09:56:19.115674Z  INFO tailwindcss_oxide::scanner: Reading "D:\\Freelancer\\constructor-management\\construction_frontend\\src\\constants\\contact.ts"
2025-10-21T09:56:19.116428Z  INFO tailwindcss_oxide::scanner: Reading "D:\\Freelancer\\constructor-management\\construction_frontend\\src\\lib\\utils.ts"
2025-10-21T09:56:19.120037Z  INFO tailwindcss_oxide::scanner: Reading "D:\\Freelancer\\constructor-management\\construction_frontend\\src\\utils\\projectHelpers.ts"
2025-10-21T09:56:19.120928Z  INFO tailwindcss_oxide::scanner: Reading "D:\\Freelancer\\constructor-management\\construction_frontend\\src\\components\\ui\\ImageMarquee.tsx"
2025-10-21T09:56:19.123285Z  INFO tailwindcss_oxide::scanner: Reading "D:\\Freelancer\\constructor-management\\construction_frontend\\src\\lib\\axios.ts"
2025-10-21T09:56:19.123354Z  INFO tailwindcss_oxide::scanner: Reading "D:\\Freelancer\\constructor-management\\construction_frontend\\src\\components\\ui\\button.tsx"
2025-10-21T09:56:19.124544Z  INFO tailwindcss_oxide::scanner: Reading "D:\\Freelancer\\constructor-management\\construction_frontend\\src\\types\\api.ts"
2025-10-21T09:56:19.125706Z  INFO tailwindcss_oxide::scanner: Reading "D:\\Freelancer\\constructor-management\\construction_frontend\\src\\services\\cloudinaryService.ts"
2025-10-21T09:56:19.125711Z  INFO tailwindcss_oxide::scanner: Reading "D:\\Freelancer\\constructor-management\\construction_frontend\\src\\services\\projectCategoriesService.ts"
2025-10-21T09:56:19.128554Z  INFO tailwindcss_oxide::scanner: Reading "D:\\Freelancer\\constructor-management\\construction_frontend\\src\\components\\ui\\tabs.tsx"
2025-10-21T09:56:19.131836Z  INFO tailwindcss_oxide::scanner: Reading "D:\\Freelancer\\constructor-management\\construction_frontend\\src\\services\\projectService.ts"
2025-10-21T09:56:19.133437Z  INFO tailwindcss_oxide::scanner: Reading "D:\\Freelancer\\constructor-management\\construction_frontend\\src\\contexts\\LocaleContext.tsx"
2025-10-21T09:56:19.134030Z  INFO tailwindcss_oxide::scanner: Reading "D:\\Freelancer\\constructor-management\\construction_frontend\\src\\services\\contactService.ts"
2025-10-21T09:56:19.138844Z  INFO tailwindcss_oxide::scanner: Reading "D:\\Freelancer\\constructor-management\\construction_frontend\\src\\components\\Footer.tsx"
2025-10-21T09:56:19.138864Z  INFO tailwindcss_oxide::scanner: Reading "D:\\Freelancer\\constructor-management\\construction_frontend\\src\\components\\ui\\PhoneButton.tsx"
2025-10-21T09:56:19.139024Z  INFO extract_candidates:read_all_files: tailwindcss_oxide::scanner: exit
2025-10-21T09:56:19.139044Z  INFO extract_candidates:parse_all_blobs: tailwindcss_oxide::scanner: enter
2025-10-21T09:56:19.139050Z  INFO extract_candidates:parse_all_blobs:extract: tailwindcss_oxide::scanner: enter
2025-10-21T09:56:19.141745Z  INFO extract_candidates:parse_all_blobs:extract: tailwindcss_oxide::scanner: exit
2025-10-21T09:56:19.141792Z  INFO extract_candidates:parse_all_blobs: tailwindcss_oxide::scanner: exit
2025-10-21T09:56:19.141805Z  INFO extract_candidates:read_all_files: tailwindcss_oxide::scanner: enter
2025-10-21T09:56:19.141810Z  INFO extract_candidates:read_all_files: tailwindcss_oxide::scanner: Reading 2 file(s)
2025-10-21T09:56:19.141970Z  INFO tailwindcss_oxide::scanner: Reading "D:\\Freelancer\\constructor-management\\construction_frontend\\src\\app\\globals.css"
2025-10-21T09:56:19.151815Z  INFO tailwindcss_oxide::scanner: Reading "D:\\Freelancer\\constructor-management\\construction_frontend\\src\\app\\auth\\auth.css"
2025-10-21T09:56:19.151864Z  INFO extract_candidates:read_all_files: tailwindcss_oxide::scanner: exit
2025-10-21T09:56:19.151887Z  INFO extract_candidates:extract_css_variables: tailwindcss_oxide::scanner: enter
2025-10-21T09:56:19.151894Z  INFO extract_candidates:extract_css_variables:extract: tailwindcss_oxide::scanner: enter
2025-10-21T09:56:19.152095Z  INFO extract_candidates:extract_css_variables:extract: tailwindcss_oxide::scanner: exit
2025-10-21T09:56:19.152116Z  INFO extract_candidates:extract_css_variables: tailwindcss_oxide::scanner: exit
2025-10-21T09:56:19.153323Z  INFO extract_candidates: tailwindcss_oxide::scanner: exit
2025-10-21T09:56:19.154833Z  INFO get_files: tailwindcss_oxide::scanner: enter
2025-10-21T09:56:19.154845Z  INFO get_files:scan_sources: tailwindcss_oxide::scanner: enter
2025-10-21T09:56:19.156228Z  INFO get_files:scan_sources: tailwindcss_oxide::scanner: Discovering "D:\\Freelancer\\constructor-management\\construction_frontend\\.vscode"
2025-10-21T09:56:19.156463Z  INFO get_files:scan_sources: tailwindcss_oxide::scanner: Discovering "D:\\Freelancer\\constructor-management\\construction_frontend\\messages"
2025-10-21T09:56:19.156894Z  INFO get_files:scan_sources: tailwindcss_oxide::scanner: Discovering "D:\\Freelancer\\constructor-management\\construction_frontend\\public"
2025-10-21T09:56:19.157063Z  INFO get_files:scan_sources: tailwindcss_oxide::scanner: Discovering "D:\\Freelancer\\constructor-management\\construction_frontend\\public\\banner"
2025-10-21T09:56:19.157241Z  INFO get_files:scan_sources: tailwindcss_oxide::scanner: Discovering "D:\\Freelancer\\constructor-management\\construction_frontend\\public\\certificate"
2025-10-21T09:56:19.157406Z  INFO get_files:scan_sources: tailwindcss_oxide::scanner: Discovering "D:\\Freelancer\\constructor-management\\construction_frontend\\public\\design-consulting"
2025-10-21T09:56:19.157658Z  INFO get_files:scan_sources: tailwindcss_oxide::scanner: Discovering "D:\\Freelancer\\constructor-management\\construction_frontend\\public\\image"
2025-10-21T09:56:19.157847Z  INFO get_files:scan_sources: tailwindcss_oxide::scanner: Discovering "D:\\Freelancer\\constructor-management\\construction_frontend\\public\\persons"
2025-10-21T09:56:19.158017Z  INFO get_files:scan_sources: tailwindcss_oxide::scanner: Discovering "D:\\Freelancer\\constructor-management\\construction_frontend\\public\\products"
2025-10-21T09:56:19.158169Z  INFO get_files:scan_sources: tailwindcss_oxide::scanner: Discovering "D:\\Freelancer\\constructor-management\\construction_frontend\\public\\project-management"
2025-10-21T09:56:19.158444Z  INFO get_files:scan_sources: tailwindcss_oxide::scanner: Discovering "D:\\Freelancer\\constructor-management\\construction_frontend\\src"
2025-10-21T09:56:19.158583Z  INFO get_files:scan_sources: tailwindcss_oxide::scanner: Discovering "D:\\Freelancer\\constructor-management\\construction_frontend\\src\\app"
2025-10-21T09:56:19.158714Z  INFO get_files:scan_sources: tailwindcss_oxide::scanner: Discovering "D:\\Freelancer\\constructor-management\\construction_frontend\\src\\app\\about"
2025-10-21T09:56:19.158887Z  INFO get_files:scan_sources: tailwindcss_oxide::scanner: Discovering "D:\\Freelancer\\constructor-management\\construction_frontend\\src\\app\\admin"
2025-10-21T09:56:19.159041Z  INFO get_files:scan_sources: tailwindcss_oxide::scanner: Discovering "D:\\Freelancer\\constructor-management\\construction_frontend\\src\\app\\admin\\contacts"
2025-10-21T09:56:19.159207Z  INFO get_files:scan_sources: tailwindcss_oxide::scanner: Discovering "D:\\Freelancer\\constructor-management\\construction_frontend\\src\\app\\admin\\dashboard"
2025-10-21T09:56:19.159371Z  INFO get_files:scan_sources: tailwindcss_oxide::scanner: Discovering "D:\\Freelancer\\constructor-management\\construction_frontend\\src\\app\\admin\\design-templates"
2025-10-21T09:56:19.159588Z  INFO get_files:scan_sources: tailwindcss_oxide::scanner: Discovering "D:\\Freelancer\\constructor-management\\construction_frontend\\src\\app\\admin\\projects"
2025-10-21T09:56:19.159717Z  INFO get_files:scan_sources: tailwindcss_oxide::scanner: Discovering "D:\\Freelancer\\constructor-management\\construction_frontend\\src\\app\\admin\\projects\\component"
2025-10-21T09:56:19.159948Z  INFO get_files:scan_sources: tailwindcss_oxide::scanner: Discovering "D:\\Freelancer\\constructor-management\\construction_frontend\\src\\app\\admin\\projects\\hooks"
2025-10-21T09:56:19.160195Z  INFO get_files:scan_sources: tailwindcss_oxide::scanner: Discovering "D:\\Freelancer\\constructor-management\\construction_frontend\\src\\app\\api"
2025-10-21T09:56:19.160319Z  INFO get_files:scan_sources: tailwindcss_oxide::scanner: Discovering "D:\\Freelancer\\constructor-management\\construction_frontend\\src\\app\\api\\auth"
2025-10-21T09:56:19.160442Z  INFO get_files:scan_sources: tailwindcss_oxide::scanner: Discovering "D:\\Freelancer\\constructor-management\\construction_frontend\\src\\app\\api\\auth\\register"
2025-10-21T09:56:19.160607Z  INFO get_files:scan_sources: tailwindcss_oxide::scanner: Discovering "D:\\Freelancer\\constructor-management\\construction_frontend\\src\\app\\api\\auth\\[...nextauth]"
2025-10-21T09:56:19.160794Z  INFO get_files:scan_sources: tailwindcss_oxide::scanner: Discovering "D:\\Freelancer\\constructor-management\\construction_frontend\\src\\app\\auth"
2025-10-21T09:56:19.160962Z  INFO get_files:scan_sources: tailwindcss_oxide::scanner: Discovering "D:\\Freelancer\\constructor-management\\construction_frontend\\src\\app\\auth\\component"
2025-10-21T09:56:19.161204Z  INFO get_files:scan_sources: tailwindcss_oxide::scanner: Discovering "D:\\Freelancer\\constructor-management\\construction_frontend\\src\\app\\auth\\redirect"
2025-10-21T09:56:19.161379Z  INFO get_files:scan_sources: tailwindcss_oxide::scanner: Discovering "D:\\Freelancer\\constructor-management\\construction_frontend\\src\\app\\contact"
2025-10-21T09:56:19.161640Z  INFO get_files:scan_sources: tailwindcss_oxide::scanner: Discovering "D:\\Freelancer\\constructor-management\\construction_frontend\\src\\app\\projects"
2025-10-21T09:56:19.161770Z  INFO get_files:scan_sources: tailwindcss_oxide::scanner: Discovering "D:\\Freelancer\\constructor-management\\construction_frontend\\src\\app\\projects\\completed"
2025-10-21T09:56:19.161934Z  INFO get_files:scan_sources: tailwindcss_oxide::scanner: Discovering "D:\\Freelancer\\constructor-management\\construction_frontend\\src\\app\\projects\\design-templates"
2025-10-21T09:56:19.162120Z  INFO get_files:scan_sources: tailwindcss_oxide::scanner: Discovering "D:\\Freelancer\\constructor-management\\construction_frontend\\src\\app\\projects\\in-progress"
2025-10-21T09:56:19.162310Z  INFO get_files:scan_sources: tailwindcss_oxide::scanner: Discovering "D:\\Freelancer\\constructor-management\\construction_frontend\\src\\app\\projects\\[slug]"
2025-10-21T09:56:19.162488Z  INFO get_files:scan_sources: tailwindcss_oxide::scanner: Discovering "D:\\Freelancer\\constructor-management\\construction_frontend\\src\\app\\services"
2025-10-21T09:56:19.162619Z  INFO get_files:scan_sources: tailwindcss_oxide::scanner: Discovering "D:\\Freelancer\\constructor-management\\construction_frontend\\src\\app\\services\\bidding-consulting"
2025-10-21T09:56:19.162784Z  INFO get_files:scan_sources: tailwindcss_oxide::scanner: Discovering "D:\\Freelancer\\constructor-management\\construction_frontend\\src\\app\\services\\construction"
2025-10-21T09:56:19.162966Z  INFO get_files:scan_sources: tailwindcss_oxide::scanner: Discovering "D:\\Freelancer\\constructor-management\\construction_frontend\\src\\app\\services\\design-consulting"
2025-10-21T09:56:19.163181Z  INFO get_files:scan_sources: tailwindcss_oxide::scanner: Discovering "D:\\Freelancer\\constructor-management\\construction_frontend\\src\\app\\services\\project-management"
2025-10-21T09:56:19.163346Z  INFO get_files:scan_sources: tailwindcss_oxide::scanner: Discovering "D:\\Freelancer\\constructor-management\\construction_frontend\\src\\app\\services\\supervision"
2025-10-21T09:56:19.163518Z  INFO get_files:scan_sources: tailwindcss_oxide::scanner: Discovering "D:\\Freelancer\\constructor-management\\construction_frontend\\src\\app\\store"
2025-10-21T09:56:19.163693Z  INFO get_files:scan_sources: tailwindcss_oxide::scanner: Discovering "D:\\Freelancer\\constructor-management\\construction_frontend\\src\\components"
2025-10-21T09:56:19.163822Z  INFO get_files:scan_sources: tailwindcss_oxide::scanner: Discovering "D:\\Freelancer\\constructor-management\\construction_frontend\\src\\components\\admin"
2025-10-21T09:56:19.164053Z  INFO get_files:scan_sources: tailwindcss_oxide::scanner: Discovering "D:\\Freelancer\\constructor-management\\construction_frontend\\src\\components\\auth"
2025-10-21T09:56:19.164357Z  INFO get_files:scan_sources: tailwindcss_oxide::scanner: Discovering "D:\\Freelancer\\constructor-management\\construction_frontend\\src\\components\\ui"
2025-10-21T09:56:19.164651Z  INFO get_files:scan_sources: tailwindcss_oxide::scanner: Discovering "D:\\Freelancer\\constructor-management\\construction_frontend\\src\\constants"
2025-10-21T09:56:19.164812Z  INFO get_files:scan_sources: tailwindcss_oxide::scanner: Discovering "D:\\Freelancer\\constructor-management\\construction_frontend\\src\\contexts"
2025-10-21T09:56:19.165019Z  INFO get_files:scan_sources: tailwindcss_oxide::scanner: Discovering "D:\\Freelancer\\constructor-management\\construction_frontend\\src\\hooks"
2025-10-21T09:56:19.165344Z  INFO get_files:scan_sources: tailwindcss_oxide::scanner: Discovering "D:\\Freelancer\\constructor-management\\construction_frontend\\src\\lib"
2025-10-21T09:56:19.165558Z  INFO get_files:scan_sources: tailwindcss_oxide::scanner: Discovering "D:\\Freelancer\\constructor-management\\construction_frontend\\src\\providers"
2025-10-21T09:56:19.165750Z  INFO get_files:scan_sources: tailwindcss_oxide::scanner: Discovering "D:\\Freelancer\\constructor-management\\construction_frontend\\src\\services"
2025-10-21T09:56:19.166032Z  INFO get_files:scan_sources: tailwindcss_oxide::scanner: Discovering "D:\\Freelancer\\constructor-management\\construction_frontend\\src\\types"
2025-10-21T09:56:19.166299Z  INFO get_files:scan_sources: tailwindcss_oxide::scanner: Discovering "D:\\Freelancer\\constructor-management\\construction_frontend\\src\\utils"
2025-10-21T09:56:19.166548Z  INFO get_files:scan_sources: tailwindcss_oxide::scanner: exit
2025-10-21T09:56:19.166695Z  INFO get_files: tailwindcss_oxide::scanner: exit
2025-10-21T09:56:19.166981Z  INFO get_globs: tailwindcss_oxide::scanner: enter
2025-10-21T09:56:19.166988Z  INFO get_globs:scan_sources: tailwindcss_oxide::scanner: enter
2025-10-21T09:56:19.168228Z  INFO get_globs:scan_sources: tailwindcss_oxide::scanner: Discovering "D:\\Freelancer\\constructor-management\\construction_frontend\\.vscode"
2025-10-21T09:56:19.168441Z  INFO get_globs:scan_sources: tailwindcss_oxide::scanner: Discovering "D:\\Freelancer\\constructor-management\\construction_frontend\\messages"
2025-10-21T09:56:19.168849Z  INFO get_globs:scan_sources: tailwindcss_oxide::scanner: Discovering "D:\\Freelancer\\constructor-management\\construction_frontend\\public"
2025-10-21T09:56:19.169005Z  INFO get_globs:scan_sources: tailwindcss_oxide::scanner: Discovering "D:\\Freelancer\\constructor-management\\construction_frontend\\public\\banner"
2025-10-21T09:56:19.169183Z  INFO get_globs:scan_sources: tailwindcss_oxide::scanner: Discovering "D:\\Freelancer\\constructor-management\\construction_frontend\\public\\certificate"
2025-10-21T09:56:19.169343Z  INFO get_globs:scan_sources: tailwindcss_oxide::scanner: Discovering "D:\\Freelancer\\constructor-management\\construction_frontend\\public\\design-consulting"
2025-10-21T09:56:19.169582Z  INFO get_globs:scan_sources: tailwindcss_oxide::scanner: Discovering "D:\\Freelancer\\constructor-management\\construction_frontend\\public\\image"
2025-10-21T09:56:19.169764Z  INFO get_globs:scan_sources: tailwindcss_oxide::scanner: Discovering "D:\\Freelancer\\constructor-management\\construction_frontend\\public\\persons"
2025-10-21T09:56:19.169913Z  INFO get_globs:scan_sources: tailwindcss_oxide::scanner: Discovering "D:\\Freelancer\\constructor-management\\construction_frontend\\public\\products"
2025-10-21T09:56:19.170079Z  INFO get_globs:scan_sources: tailwindcss_oxide::scanner: Discovering "D:\\Freelancer\\constructor-management\\construction_frontend\\public\\project-management"
2025-10-21T09:56:19.170347Z  INFO get_globs:scan_sources: tailwindcss_oxide::scanner: Discovering "D:\\Freelancer\\constructor-management\\construction_frontend\\src"
2025-10-21T09:56:19.170479Z  INFO get_globs:scan_sources: tailwindcss_oxide::scanner: Discovering "D:\\Freelancer\\constructor-management\\construction_frontend\\src\\app"
2025-10-21T09:56:19.170608Z  INFO get_globs:scan_sources: tailwindcss_oxide::scanner: Discovering "D:\\Freelancer\\constructor-management\\construction_frontend\\src\\app\\about"
2025-10-21T09:56:19.170776Z  INFO get_globs:scan_sources: tailwindcss_oxide::scanner: Discovering "D:\\Freelancer\\constructor-management\\construction_frontend\\src\\app\\admin"
2025-10-21T09:56:19.170906Z  INFO get_globs:scan_sources: tailwindcss_oxide::scanner: Discovering "D:\\Freelancer\\constructor-management\\construction_frontend\\src\\app\\admin\\contacts"
2025-10-21T09:56:19.171094Z  INFO get_globs:scan_sources: tailwindcss_oxide::scanner: Discovering "D:\\Freelancer\\constructor-management\\construction_frontend\\src\\app\\admin\\dashboard"
2025-10-21T09:56:19.171256Z  INFO get_globs:scan_sources: tailwindcss_oxide::scanner: Discovering "D:\\Freelancer\\constructor-management\\construction_frontend\\src\\app\\admin\\design-templates"
2025-10-21T09:56:19.171469Z  INFO get_globs:scan_sources: tailwindcss_oxide::scanner: Discovering "D:\\Freelancer\\constructor-management\\construction_frontend\\src\\app\\admin\\projects"
2025-10-21T09:56:19.171597Z  INFO get_globs:scan_sources: tailwindcss_oxide::scanner: Discovering "D:\\Freelancer\\constructor-management\\construction_frontend\\src\\app\\admin\\projects\\component"
2025-10-21T09:56:19.171813Z  INFO get_globs:scan_sources: tailwindcss_oxide::scanner: Discovering "D:\\Freelancer\\constructor-management\\construction_frontend\\src\\app\\admin\\projects\\hooks"
2025-10-21T09:56:19.172072Z  INFO get_globs:scan_sources: tailwindcss_oxide::scanner: Discovering "D:\\Freelancer\\constructor-management\\construction_frontend\\src\\app\\api"
2025-10-21T09:56:19.172196Z  INFO get_globs:scan_sources: tailwindcss_oxide::scanner: Discovering "D:\\Freelancer\\constructor-management\\construction_frontend\\src\\app\\api\\auth"
2025-10-21T09:56:19.172326Z  INFO get_globs:scan_sources: tailwindcss_oxide::scanner: Discovering "D:\\Freelancer\\constructor-management\\construction_frontend\\src\\app\\api\\auth\\register"
2025-10-21T09:56:19.172492Z  INFO get_globs:scan_sources: tailwindcss_oxide::scanner: Discovering "D:\\Freelancer\\constructor-management\\construction_frontend\\src\\app\\api\\auth\\[...nextauth]"
2025-10-21T09:56:19.172678Z  INFO get_globs:scan_sources: tailwindcss_oxide::scanner: Discovering "D:\\Freelancer\\constructor-management\\construction_frontend\\src\\app\\auth"
2025-10-21T09:56:19.172828Z  INFO get_globs:scan_sources: tailwindcss_oxide::scanner: Discovering "D:\\Freelancer\\constructor-management\\construction_frontend\\src\\app\\auth\\component"
2025-10-21T09:56:19.173080Z  INFO get_globs:scan_sources: tailwindcss_oxide::scanner: Discovering "D:\\Freelancer\\constructor-management\\construction_frontend\\src\\app\\auth\\redirect"
2025-10-21T09:56:19.173253Z  INFO get_globs:scan_sources: tailwindcss_oxide::scanner: Discovering "D:\\Freelancer\\constructor-management\\construction_frontend\\src\\app\\contact"
2025-10-21T09:56:19.173512Z  INFO get_globs:scan_sources: tailwindcss_oxide::scanner: Discovering "D:\\Freelancer\\constructor-management\\construction_frontend\\src\\app\\projects"
2025-10-21T09:56:19.173644Z  INFO get_globs:scan_sources: tailwindcss_oxide::scanner: Discovering "D:\\Freelancer\\constructor-management\\construction_frontend\\src\\app\\projects\\completed"
2025-10-21T09:56:19.173806Z  INFO get_globs:scan_sources: tailwindcss_oxide::scanner: Discovering "D:\\Freelancer\\constructor-management\\construction_frontend\\src\\app\\projects\\design-templates"
2025-10-21T09:56:19.173989Z  INFO get_globs:scan_sources: tailwindcss_oxide::scanner: Discovering "D:\\Freelancer\\constructor-management\\construction_frontend\\src\\app\\projects\\in-progress"
2025-10-21T09:56:19.174179Z  INFO get_globs:scan_sources: tailwindcss_oxide::scanner: Discovering "D:\\Freelancer\\constructor-management\\construction_frontend\\src\\app\\projects\\[slug]"
2025-10-21T09:56:19.174353Z  INFO get_globs:scan_sources: tailwindcss_oxide::scanner: Discovering "D:\\Freelancer\\constructor-management\\construction_frontend\\src\\app\\services"
2025-10-21T09:56:19.174481Z  INFO get_globs:scan_sources: tailwindcss_oxide::scanner: Discovering "D:\\Freelancer\\constructor-management\\construction_frontend\\src\\app\\services\\bidding-consulting"
2025-10-21T09:56:19.174646Z  INFO get_globs:scan_sources: tailwindcss_oxide::scanner: Discovering "D:\\Freelancer\\constructor-management\\construction_frontend\\src\\app\\services\\construction"
2025-10-21T09:56:19.174810Z  INFO get_globs:scan_sources: tailwindcss_oxide::scanner: Discovering "D:\\Freelancer\\constructor-management\\construction_frontend\\src\\app\\services\\design-consulting"
2025-10-21T09:56:19.175020Z  INFO get_globs:scan_sources: tailwindcss_oxide::scanner: Discovering "D:\\Freelancer\\constructor-management\\construction_frontend\\src\\app\\services\\project-management"
2025-10-21T09:56:19.175188Z  INFO get_globs:scan_sources: tailwindcss_oxide::scanner: Discovering "D:\\Freelancer\\constructor-management\\construction_frontend\\src\\app\\services\\supervision"
2025-10-21T09:56:19.175364Z  INFO get_globs:scan_sources: tailwindcss_oxide::scanner: Discovering "D:\\Freelancer\\constructor-management\\construction_frontend\\src\\app\\store"
2025-10-21T09:56:19.175539Z  INFO get_globs:scan_sources: tailwindcss_oxide::scanner: Discovering "D:\\Freelancer\\constructor-management\\construction_frontend\\src\\components"
2025-10-21T09:56:19.175670Z  INFO get_globs:scan_sources: tailwindcss_oxide::scanner: Discovering "D:\\Freelancer\\constructor-management\\construction_frontend\\src\\components\\admin"
2025-10-21T09:56:19.175879Z  INFO get_globs:scan_sources: tailwindcss_oxide::scanner: Discovering "D:\\Freelancer\\constructor-management\\construction_frontend\\src\\components\\auth"
2025-10-21T09:56:19.176202Z  INFO get_globs:scan_sources: tailwindcss_oxide::scanner: Discovering "D:\\Freelancer\\constructor-management\\construction_frontend\\src\\components\\ui"
2025-10-21T09:56:19.176500Z  INFO get_globs:scan_sources: tailwindcss_oxide::scanner: Discovering "D:\\Freelancer\\constructor-management\\construction_frontend\\src\\constants"
2025-10-21T09:56:19.176661Z  INFO get_globs:scan_sources: tailwindcss_oxide::scanner: Discovering "D:\\Freelancer\\constructor-management\\construction_frontend\\src\\contexts"
2025-10-21T09:56:19.176824Z  INFO get_globs:scan_sources: tailwindcss_oxide::scanner: Discovering "D:\\Freelancer\\constructor-management\\construction_frontend\\src\\hooks"
2025-10-21T09:56:19.177125Z  INFO get_globs:scan_sources: tailwindcss_oxide::scanner: Discovering "D:\\Freelancer\\constructor-management\\construction_frontend\\src\\lib"
2025-10-21T09:56:19.177336Z  INFO get_globs:scan_sources: tailwindcss_oxide::scanner: Discovering "D:\\Freelancer\\constructor-management\\construction_frontend\\src\\providers"
2025-10-21T09:56:19.177524Z  INFO get_globs:scan_sources: tailwindcss_oxide::scanner: Discovering "D:\\Freelancer\\constructor-management\\construction_frontend\\src\\services"
2025-10-21T09:56:19.177783Z  INFO get_globs:scan_sources: tailwindcss_oxide::scanner: Discovering "D:\\Freelancer\\constructor-management\\construction_frontend\\src\\types"
2025-10-21T09:56:19.178094Z  INFO get_globs:scan_sources: tailwindcss_oxide::scanner: Discovering "D:\\Freelancer\\constructor-management\\construction_frontend\\src\\utils"
2025-10-21T09:56:19.178338Z  INFO get_globs:scan_sources: tailwindcss_oxide::scanner: exit
2025-10-21T09:56:19.187534Z  INFO get_globs: tailwindcss_oxide::scanner: exit
2025-10-21T09:56:21.011394Z  INFO scan_sources: tailwindcss_oxide::scanner: enter
2025-10-21T09:56:21.013315Z  INFO scan_sources: tailwindcss_oxide::scanner: Discovering "D:\\Freelancer\\constructor-management\\construction_frontend\\.vscode"
2025-10-21T09:56:21.013813Z  INFO scan_sources: tailwindcss_oxide::scanner: Discovering "D:\\Freelancer\\constructor-management\\construction_frontend\\messages"
2025-10-21T09:56:21.014616Z  INFO scan_sources: tailwindcss_oxide::scanner: Discovering "D:\\Freelancer\\constructor-management\\construction_frontend\\public"
2025-10-21T09:56:21.014804Z  INFO scan_sources: tailwindcss_oxide::scanner: Discovering "D:\\Freelancer\\constructor-management\\construction_frontend\\public\\banner"
2025-10-21T09:56:21.015108Z  INFO scan_sources: tailwindcss_oxide::scanner: Discovering "D:\\Freelancer\\constructor-management\\construction_frontend\\public\\certificate"
2025-10-21T09:56:21.015441Z  INFO scan_sources: tailwindcss_oxide::scanner: Discovering "D:\\Freelancer\\constructor-management\\construction_frontend\\public\\design-consulting"
2025-10-21T09:56:21.015926Z  INFO scan_sources: tailwindcss_oxide::scanner: Discovering "D:\\Freelancer\\constructor-management\\construction_frontend\\public\\image"
2025-10-21T09:56:21.016335Z  INFO scan_sources: tailwindcss_oxide::scanner: Discovering "D:\\Freelancer\\constructor-management\\construction_frontend\\public\\persons"
2025-10-21T09:56:21.016652Z  INFO scan_sources: tailwindcss_oxide::scanner: Discovering "D:\\Freelancer\\constructor-management\\construction_frontend\\public\\products"
2025-10-21T09:56:21.016963Z  INFO scan_sources: tailwindcss_oxide::scanner: Discovering "D:\\Freelancer\\constructor-management\\construction_frontend\\public\\project-management"
2025-10-21T09:56:21.017556Z  INFO scan_sources: tailwindcss_oxide::scanner: Discovering "D:\\Freelancer\\constructor-management\\construction_frontend\\src"
2025-10-21T09:56:21.017843Z  INFO scan_sources: tailwindcss_oxide::scanner: Discovering "D:\\Freelancer\\constructor-management\\construction_frontend\\src\\app"
2025-10-21T09:56:21.018127Z  INFO scan_sources: tailwindcss_oxide::scanner: Discovering "D:\\Freelancer\\constructor-management\\construction_frontend\\src\\app\\about"
2025-10-21T09:56:21.018466Z  INFO scan_sources: tailwindcss_oxide::scanner: Discovering "D:\\Freelancer\\constructor-management\\construction_frontend\\src\\app\\admin"
2025-10-21T09:56:21.018756Z  INFO scan_sources: tailwindcss_oxide::scanner: Discovering "D:\\Freelancer\\constructor-management\\construction_frontend\\src\\app\\admin\\contacts"
2025-10-21T09:56:21.019231Z  INFO scan_sources: tailwindcss_oxide::scanner: Discovering "D:\\Freelancer\\constructor-management\\construction_frontend\\src\\app\\admin\\dashboard"
2025-10-21T09:56:21.019487Z  INFO scan_sources: tailwindcss_oxide::scanner: Discovering "D:\\Freelancer\\constructor-management\\construction_frontend\\src\\app\\admin\\design-templates"
2025-10-21T09:56:21.019755Z  INFO scan_sources: tailwindcss_oxide::scanner: Discovering "D:\\Freelancer\\constructor-management\\construction_frontend\\src\\app\\admin\\projects"
2025-10-21T09:56:21.019914Z  INFO scan_sources: tailwindcss_oxide::scanner: Discovering "D:\\Freelancer\\constructor-management\\construction_frontend\\src\\app\\admin\\projects\\component"
2025-10-21T09:56:21.020214Z  INFO scan_sources: tailwindcss_oxide::scanner: Discovering "D:\\Freelancer\\constructor-management\\construction_frontend\\src\\app\\admin\\projects\\hooks"
2025-10-21T09:56:21.020505Z  INFO scan_sources: tailwindcss_oxide::scanner: Discovering "D:\\Freelancer\\constructor-management\\construction_frontend\\src\\app\\api"
2025-10-21T09:56:21.020653Z  INFO scan_sources: tailwindcss_oxide::scanner: Discovering "D:\\Freelancer\\constructor-management\\construction_frontend\\src\\app\\api\\auth"
2025-10-21T09:56:21.020798Z  INFO scan_sources: tailwindcss_oxide::scanner: Discovering "D:\\Freelancer\\constructor-management\\construction_frontend\\src\\app\\api\\auth\\register"
2025-10-21T09:56:21.021010Z  INFO scan_sources: tailwindcss_oxide::scanner: Discovering "D:\\Freelancer\\constructor-management\\construction_frontend\\src\\app\\api\\auth\\[...nextauth]"
2025-10-21T09:56:21.021234Z  INFO scan_sources: tailwindcss_oxide::scanner: Discovering "D:\\Freelancer\\constructor-management\\construction_frontend\\src\\app\\auth"
2025-10-21T09:56:21.021409Z  INFO scan_sources: tailwindcss_oxide::scanner: Discovering "D:\\Freelancer\\constructor-management\\construction_frontend\\src\\app\\auth\\component"
2025-10-21T09:56:21.021677Z  INFO scan_sources: tailwindcss_oxide::scanner: Discovering "D:\\Freelancer\\constructor-management\\construction_frontend\\src\\app\\auth\\redirect"
2025-10-21T09:56:21.021876Z  INFO scan_sources: tailwindcss_oxide::scanner: Discovering "D:\\Freelancer\\constructor-management\\construction_frontend\\src\\app\\contact"
2025-10-21T09:56:21.022191Z  INFO scan_sources: tailwindcss_oxide::scanner: Discovering "D:\\Freelancer\\constructor-management\\construction_frontend\\src\\app\\projects"
2025-10-21T09:56:21.022339Z  INFO scan_sources: tailwindcss_oxide::scanner: Discovering "D:\\Freelancer\\constructor-management\\construction_frontend\\src\\app\\projects\\completed"
2025-10-21T09:56:21.022523Z  INFO scan_sources: tailwindcss_oxide::scanner: Discovering "D:\\Freelancer\\constructor-management\\construction_frontend\\src\\app\\projects\\design-templates"
2025-10-21T09:56:21.022709Z  INFO scan_sources: tailwindcss_oxide::scanner: Discovering "D:\\Freelancer\\constructor-management\\construction_frontend\\src\\app\\projects\\in-progress"
2025-10-21T09:56:21.022924Z  INFO scan_sources: tailwindcss_oxide::scanner: Discovering "D:\\Freelancer\\constructor-management\\construction_frontend\\src\\app\\projects\\[slug]"
2025-10-21T09:56:21.023158Z  INFO scan_sources: tailwindcss_oxide::scanner: Discovering "D:\\Freelancer\\constructor-management\\construction_frontend\\src\\app\\services"
2025-10-21T09:56:21.023364Z  INFO scan_sources: tailwindcss_oxide::scanner: Discovering "D:\\Freelancer\\constructor-management\\construction_frontend\\src\\app\\services\\bidding-consulting"
2025-10-21T09:56:21.023590Z  INFO scan_sources: tailwindcss_oxide::scanner: Discovering "D:\\Freelancer\\constructor-management\\construction_frontend\\src\\app\\services\\construction"
2025-10-21T09:56:21.023807Z  INFO scan_sources: tailwindcss_oxide::scanner: Discovering "D:\\Freelancer\\constructor-management\\construction_frontend\\src\\app\\services\\design-consulting"
2025-10-21T09:56:21.024046Z  INFO scan_sources: tailwindcss_oxide::scanner: Discovering "D:\\Freelancer\\constructor-management\\construction_frontend\\src\\app\\services\\project-management"
2025-10-21T09:56:21.024234Z  INFO scan_sources: tailwindcss_oxide::scanner: Discovering "D:\\Freelancer\\constructor-management\\construction_frontend\\src\\app\\services\\supervision"
2025-10-21T09:56:21.024430Z  INFO scan_sources: tailwindcss_oxide::scanner: Discovering "D:\\Freelancer\\constructor-management\\construction_frontend\\src\\app\\store"
2025-10-21T09:56:21.024644Z  INFO scan_sources: tailwindcss_oxide::scanner: Discovering "D:\\Freelancer\\constructor-management\\construction_frontend\\src\\components"
2025-10-21T09:56:21.024792Z  INFO scan_sources: tailwindcss_oxide::scanner: Discovering "D:\\Freelancer\\constructor-management\\construction_frontend\\src\\components\\admin"
2025-10-21T09:56:21.025106Z  INFO scan_sources: tailwindcss_oxide::scanner: Discovering "D:\\Freelancer\\constructor-management\\construction_frontend\\src\\components\\auth"
2025-10-21T09:56:21.025479Z  INFO scan_sources: tailwindcss_oxide::scanner: Discovering "D:\\Freelancer\\constructor-management\\construction_frontend\\src\\components\\ui"
2025-10-21T09:56:21.025826Z  INFO scan_sources: tailwindcss_oxide::scanner: Discovering "D:\\Freelancer\\constructor-management\\construction_frontend\\src\\constants"
2025-10-21T09:56:21.026064Z  INFO scan_sources: tailwindcss_oxide::scanner: Discovering "D:\\Freelancer\\constructor-management\\construction_frontend\\src\\contexts"
2025-10-21T09:56:21.026345Z  INFO scan_sources: tailwindcss_oxide::scanner: Discovering "D:\\Freelancer\\constructor-management\\construction_frontend\\src\\hooks"
2025-10-21T09:56:21.026922Z  INFO scan_sources: tailwindcss_oxide::scanner: Discovering "D:\\Freelancer\\constructor-management\\construction_frontend\\src\\lib"
2025-10-21T09:56:21.027444Z  INFO scan_sources: tailwindcss_oxide::scanner: Discovering "D:\\Freelancer\\constructor-management\\construction_frontend\\src\\providers"
2025-10-21T09:56:21.027888Z  INFO scan_sources: tailwindcss_oxide::scanner: Discovering "D:\\Freelancer\\constructor-management\\construction_frontend\\src\\services"
2025-10-21T09:56:21.028354Z  INFO scan_sources: tailwindcss_oxide::scanner: Discovering "D:\\Freelancer\\constructor-management\\construction_frontend\\src\\types"
2025-10-21T09:56:21.028707Z  INFO scan_sources: tailwindcss_oxide::scanner: Discovering "D:\\Freelancer\\constructor-management\\construction_frontend\\src\\utils"
2025-10-21T09:56:21.029058Z  INFO scan_sources: tailwindcss_oxide::scanner: exit
2025-10-21T09:56:21.029071Z  INFO extract_candidates: tailwindcss_oxide::scanner: enter
2025-10-21T09:56:21.029078Z  INFO extract_candidates:read_all_files: tailwindcss_oxide::scanner: enter
2025-10-21T09:56:21.029082Z  INFO extract_candidates:read_all_files: tailwindcss_oxide::scanner: Reading 0 file(s)
2025-10-21T09:56:21.029089Z  INFO extract_candidates:read_all_files: tailwindcss_oxide::scanner: exit
2025-10-21T09:56:21.029094Z  INFO extract_candidates:parse_all_blobs: tailwindcss_oxide::scanner: enter
2025-10-21T09:56:21.029098Z  INFO extract_candidates:parse_all_blobs:extract: tailwindcss_oxide::scanner: enter
2025-10-21T09:56:21.029103Z  INFO extract_candidates:parse_all_blobs:extract: tailwindcss_oxide::scanner: exit
2025-10-21T09:56:21.029107Z  INFO extract_candidates:parse_all_blobs: tailwindcss_oxide::scanner: exit
2025-10-21T09:56:21.029115Z  INFO extract_candidates: tailwindcss_oxide::scanner: exit
2025-10-21T09:56:21.030696Z  INFO get_files: tailwindcss_oxide::scanner: enter
2025-10-21T09:56:21.030713Z  INFO get_files:scan_sources: tailwindcss_oxide::scanner: enter
2025-10-21T09:56:21.032460Z  INFO get_files:scan_sources: tailwindcss_oxide::scanner: Discovering "D:\\Freelancer\\constructor-management\\construction_frontend\\.vscode"
2025-10-21T09:56:21.032751Z  INFO get_files:scan_sources: tailwindcss_oxide::scanner: Discovering "D:\\Freelancer\\constructor-management\\construction_frontend\\messages"
2025-10-21T09:56:21.033297Z  INFO get_files:scan_sources: tailwindcss_oxide::scanner: Discovering "D:\\Freelancer\\constructor-management\\construction_frontend\\public"
2025-10-21T09:56:21.033454Z  INFO get_files:scan_sources: tailwindcss_oxide::scanner: Discovering "D:\\Freelancer\\constructor-management\\construction_frontend\\public\\banner"
2025-10-21T09:56:21.033651Z  INFO get_files:scan_sources: tailwindcss_oxide::scanner: Discovering "D:\\Freelancer\\constructor-management\\construction_frontend\\public\\certificate"
2025-10-21T09:56:21.033816Z  INFO get_files:scan_sources: tailwindcss_oxide::scanner: Discovering "D:\\Freelancer\\constructor-management\\construction_frontend\\public\\design-consulting"
2025-10-21T09:56:21.034093Z  INFO get_files:scan_sources: tailwindcss_oxide::scanner: Discovering "D:\\Freelancer\\constructor-management\\construction_frontend\\public\\image"
2025-10-21T09:56:21.034299Z  INFO get_files:scan_sources: tailwindcss_oxide::scanner: Discovering "D:\\Freelancer\\constructor-management\\construction_frontend\\public\\persons"
2025-10-21T09:56:21.034464Z  INFO get_files:scan_sources: tailwindcss_oxide::scanner: Discovering "D:\\Freelancer\\constructor-management\\construction_frontend\\public\\products"
2025-10-21T09:56:21.034620Z  INFO get_files:scan_sources: tailwindcss_oxide::scanner: Discovering "D:\\Freelancer\\constructor-management\\construction_frontend\\public\\project-management"
2025-10-21T09:56:21.034917Z  INFO get_files:scan_sources: tailwindcss_oxide::scanner: Discovering "D:\\Freelancer\\constructor-management\\construction_frontend\\src"
2025-10-21T09:56:21.035099Z  INFO get_files:scan_sources: tailwindcss_oxide::scanner: Discovering "D:\\Freelancer\\constructor-management\\construction_frontend\\src\\app"
2025-10-21T09:56:21.035422Z  INFO get_files:scan_sources: tailwindcss_oxide::scanner: Discovering "D:\\Freelancer\\constructor-management\\construction_frontend\\src\\app\\about"
2025-10-21T09:56:21.035693Z  INFO get_files:scan_sources: tailwindcss_oxide::scanner: Discovering "D:\\Freelancer\\constructor-management\\construction_frontend\\src\\app\\admin"
2025-10-21T09:56:21.035887Z  INFO get_files:scan_sources: tailwindcss_oxide::scanner: Discovering "D:\\Freelancer\\constructor-management\\construction_frontend\\src\\app\\admin\\contacts"
2025-10-21T09:56:21.036151Z  INFO get_files:scan_sources: tailwindcss_oxide::scanner: Discovering "D:\\Freelancer\\constructor-management\\construction_frontend\\src\\app\\admin\\dashboard"
2025-10-21T09:56:21.036384Z  INFO get_files:scan_sources: tailwindcss_oxide::scanner: Discovering "D:\\Freelancer\\constructor-management\\construction_frontend\\src\\app\\admin\\design-templates"
2025-10-21T09:56:21.036653Z  INFO get_files:scan_sources: tailwindcss_oxide::scanner: Discovering "D:\\Freelancer\\constructor-management\\construction_frontend\\src\\app\\admin\\projects"
2025-10-21T09:56:21.036803Z  INFO get_files:scan_sources: tailwindcss_oxide::scanner: Discovering "D:\\Freelancer\\constructor-management\\construction_frontend\\src\\app\\admin\\projects\\component"
2025-10-21T09:56:21.037088Z  INFO get_files:scan_sources: tailwindcss_oxide::scanner: Discovering "D:\\Freelancer\\constructor-management\\construction_frontend\\src\\app\\admin\\projects\\hooks"
2025-10-21T09:56:21.037373Z  INFO get_files:scan_sources: tailwindcss_oxide::scanner: Discovering "D:\\Freelancer\\constructor-management\\construction_frontend\\src\\app\\api"
2025-10-21T09:56:21.037512Z  INFO get_files:scan_sources: tailwindcss_oxide::scanner: Discovering "D:\\Freelancer\\constructor-management\\construction_frontend\\src\\app\\api\\auth"
2025-10-21T09:56:21.037652Z  INFO get_files:scan_sources: tailwindcss_oxide::scanner: Discovering "D:\\Freelancer\\constructor-management\\construction_frontend\\src\\app\\api\\auth\\register"
2025-10-21T09:56:21.037840Z  INFO get_files:scan_sources: tailwindcss_oxide::scanner: Discovering "D:\\Freelancer\\constructor-management\\construction_frontend\\src\\app\\api\\auth\\[...nextauth]"
2025-10-21T09:56:21.038153Z  INFO get_files:scan_sources: tailwindcss_oxide::scanner: Discovering "D:\\Freelancer\\constructor-management\\construction_frontend\\src\\app\\auth"
2025-10-21T09:56:21.038342Z  INFO get_files:scan_sources: tailwindcss_oxide::scanner: Discovering "D:\\Freelancer\\constructor-management\\construction_frontend\\src\\app\\auth\\component"
2025-10-21T09:56:21.038622Z  INFO get_files:scan_sources: tailwindcss_oxide::scanner: Discovering "D:\\Freelancer\\constructor-management\\construction_frontend\\src\\app\\auth\\redirect"
2025-10-21T09:56:21.038822Z  INFO get_files:scan_sources: tailwindcss_oxide::scanner: Discovering "D:\\Freelancer\\constructor-management\\construction_frontend\\src\\app\\contact"
2025-10-21T09:56:21.039150Z  INFO get_files:scan_sources: tailwindcss_oxide::scanner: Discovering "D:\\Freelancer\\constructor-management\\construction_frontend\\src\\app\\projects"
2025-10-21T09:56:21.039299Z  INFO get_files:scan_sources: tailwindcss_oxide::scanner: Discovering "D:\\Freelancer\\constructor-management\\construction_frontend\\src\\app\\projects\\completed"
2025-10-21T09:56:21.039481Z  INFO get_files:scan_sources: tailwindcss_oxide::scanner: Discovering "D:\\Freelancer\\constructor-management\\construction_frontend\\src\\app\\projects\\design-templates"
2025-10-21T09:56:21.039664Z  INFO get_files:scan_sources: tailwindcss_oxide::scanner: Discovering "D:\\Freelancer\\constructor-management\\construction_frontend\\src\\app\\projects\\in-progress"
2025-10-21T09:56:21.039898Z  INFO get_files:scan_sources: tailwindcss_oxide::scanner: Discovering "D:\\Freelancer\\constructor-management\\construction_frontend\\src\\app\\projects\\[slug]"
2025-10-21T09:56:21.040122Z  INFO get_files:scan_sources: tailwindcss_oxide::scanner: Discovering "D:\\Freelancer\\constructor-management\\construction_frontend\\src\\app\\services"
2025-10-21T09:56:21.040271Z  INFO get_files:scan_sources: tailwindcss_oxide::scanner: Discovering "D:\\Freelancer\\constructor-management\\construction_frontend\\src\\app\\services\\bidding-consulting"
2025-10-21T09:56:21.040457Z  INFO get_files:scan_sources: tailwindcss_oxide::scanner: Discovering "D:\\Freelancer\\constructor-management\\construction_frontend\\src\\app\\services\\construction"
2025-10-21T09:56:21.040639Z  INFO get_files:scan_sources: tailwindcss_oxide::scanner: Discovering "D:\\Freelancer\\constructor-management\\construction_frontend\\src\\app\\services\\design-consulting"
2025-10-21T09:56:21.040857Z  INFO get_files:scan_sources: tailwindcss_oxide::scanner: Discovering "D:\\Freelancer\\constructor-management\\construction_frontend\\src\\app\\services\\project-management"
2025-10-21T09:56:21.041074Z  INFO get_files:scan_sources: tailwindcss_oxide::scanner: Discovering "D:\\Freelancer\\constructor-management\\construction_frontend\\src\\app\\services\\supervision"
2025-10-21T09:56:21.041277Z  INFO get_files:scan_sources: tailwindcss_oxide::scanner: Discovering "D:\\Freelancer\\constructor-management\\construction_frontend\\src\\app\\store"
2025-10-21T09:56:21.041490Z  INFO get_files:scan_sources: tailwindcss_oxide::scanner: Discovering "D:\\Freelancer\\constructor-management\\construction_frontend\\src\\components"
2025-10-21T09:56:21.041644Z  INFO get_files:scan_sources: tailwindcss_oxide::scanner: Discovering "D:\\Freelancer\\constructor-management\\construction_frontend\\src\\components\\admin"
2025-10-21T09:56:21.041900Z  INFO get_files:scan_sources: tailwindcss_oxide::scanner: Discovering "D:\\Freelancer\\constructor-management\\construction_frontend\\src\\components\\auth"
2025-10-21T09:56:21.042554Z  INFO get_files:scan_sources: tailwindcss_oxide::scanner: Discovering "D:\\Freelancer\\constructor-management\\construction_frontend\\src\\components\\ui"
2025-10-21T09:56:21.042964Z  INFO get_files:scan_sources: tailwindcss_oxide::scanner: Discovering "D:\\Freelancer\\constructor-management\\construction_frontend\\src\\constants"
2025-10-21T09:56:21.043164Z  INFO get_files:scan_sources: tailwindcss_oxide::scanner: Discovering "D:\\Freelancer\\constructor-management\\construction_frontend\\src\\contexts"
2025-10-21T09:56:21.043356Z  INFO get_files:scan_sources: tailwindcss_oxide::scanner: Discovering "D:\\Freelancer\\constructor-management\\construction_frontend\\src\\hooks"
2025-10-21T09:56:21.043683Z  INFO get_files:scan_sources: tailwindcss_oxide::scanner: Discovering "D:\\Freelancer\\constructor-management\\construction_frontend\\src\\lib"
2025-10-21T09:56:21.043929Z  INFO get_files:scan_sources: tailwindcss_oxide::scanner: Discovering "D:\\Freelancer\\constructor-management\\construction_frontend\\src\\providers"
2025-10-21T09:56:21.044155Z  INFO get_files:scan_sources: tailwindcss_oxide::scanner: Discovering "D:\\Freelancer\\constructor-management\\construction_frontend\\src\\services"
2025-10-21T09:56:21.044450Z  INFO get_files:scan_sources: tailwindcss_oxide::scanner: Discovering "D:\\Freelancer\\constructor-management\\construction_frontend\\src\\types"
2025-10-21T09:56:21.044739Z  INFO get_files:scan_sources: tailwindcss_oxide::scanner: Discovering "D:\\Freelancer\\constructor-management\\construction_frontend\\src\\utils"
2025-10-21T09:56:21.045063Z  INFO get_files:scan_sources: tailwindcss_oxide::scanner: exit
2025-10-21T09:56:21.045252Z  INFO get_files: tailwindcss_oxide::scanner: exit
2025-10-21T09:56:21.045668Z  INFO get_globs: tailwindcss_oxide::scanner: enter
2025-10-21T09:56:21.045685Z  INFO get_globs: tailwindcss_oxide::scanner: exit
2025-10-22T05:07:22.986511Z  INFO scan_sources: tailwindcss_oxide::scanner: enter
2025-10-22T05:07:23.022863Z  INFO scan_sources: tailwindcss_oxide::scanner: Discovering "D:\\Freelancer\\constructor-management\\construction_frontend\\.vscode"
2025-10-22T05:07:23.024239Z  INFO scan_sources: tailwindcss_oxide::scanner: Discovering "D:\\Freelancer\\constructor-management\\construction_frontend\\messages"
2025-10-22T05:07:23.025046Z  INFO scan_sources: tailwindcss_oxide::scanner: Discovering "D:\\Freelancer\\constructor-management\\construction_frontend\\public"
2025-10-22T05:07:23.025230Z  INFO scan_sources: tailwindcss_oxide::scanner: Discovering "D:\\Freelancer\\constructor-management\\construction_frontend\\public\\banner"
2025-10-22T05:07:23.025488Z  INFO scan_sources: tailwindcss_oxide::scanner: Discovering "D:\\Freelancer\\constructor-management\\construction_frontend\\public\\certificate"
2025-10-22T05:07:23.025675Z  INFO scan_sources: tailwindcss_oxide::scanner: Discovering "D:\\Freelancer\\constructor-management\\construction_frontend\\public\\design-consulting"
2025-10-22T05:07:23.026440Z  INFO scan_sources: tailwindcss_oxide::scanner: Discovering "D:\\Freelancer\\constructor-management\\construction_frontend\\public\\image"
2025-10-22T05:07:23.026734Z  INFO scan_sources: tailwindcss_oxide::scanner: Discovering "D:\\Freelancer\\constructor-management\\construction_frontend\\public\\persons"
2025-10-22T05:07:23.026912Z  INFO scan_sources: tailwindcss_oxide::scanner: Discovering "D:\\Freelancer\\constructor-management\\construction_frontend\\public\\products"
2025-10-22T05:07:23.027069Z  INFO scan_sources: tailwindcss_oxide::scanner: Discovering "D:\\Freelancer\\constructor-management\\construction_frontend\\public\\project-management"
2025-10-22T05:07:23.027569Z  INFO scan_sources: tailwindcss_oxide::scanner: Discovering "D:\\Freelancer\\constructor-management\\construction_frontend\\src"
2025-10-22T05:07:23.027721Z  INFO scan_sources: tailwindcss_oxide::scanner: Discovering "D:\\Freelancer\\constructor-management\\construction_frontend\\src\\app"
2025-10-22T05:07:23.027861Z  INFO scan_sources: tailwindcss_oxide::scanner: Discovering "D:\\Freelancer\\constructor-management\\construction_frontend\\src\\app\\about"
2025-10-22T05:07:23.028043Z  INFO scan_sources: tailwindcss_oxide::scanner: Discovering "D:\\Freelancer\\constructor-management\\construction_frontend\\src\\app\\admin"
2025-10-22T05:07:23.028183Z  INFO scan_sources: tailwindcss_oxide::scanner: Discovering "D:\\Freelancer\\constructor-management\\construction_frontend\\src\\app\\admin\\contacts"
2025-10-22T05:07:23.028577Z  INFO scan_sources: tailwindcss_oxide::scanner: Discovering "D:\\Freelancer\\constructor-management\\construction_frontend\\src\\app\\admin\\dashboard"
2025-10-22T05:07:23.028789Z  INFO scan_sources: tailwindcss_oxide::scanner: Discovering "D:\\Freelancer\\constructor-management\\construction_frontend\\src\\app\\admin\\design-templates"
2025-10-22T05:07:23.029120Z  INFO scan_sources: tailwindcss_oxide::scanner: Discovering "D:\\Freelancer\\constructor-management\\construction_frontend\\src\\app\\admin\\projects"
2025-10-22T05:07:23.029259Z  INFO scan_sources: tailwindcss_oxide::scanner: Discovering "D:\\Freelancer\\constructor-management\\construction_frontend\\src\\app\\admin\\projects\\component"
2025-10-22T05:07:23.029881Z  INFO scan_sources: tailwindcss_oxide::scanner: Discovering "D:\\Freelancer\\constructor-management\\construction_frontend\\src\\app\\admin\\projects\\hooks"
2025-10-22T05:07:23.030885Z  INFO scan_sources: tailwindcss_oxide::scanner: Discovering "D:\\Freelancer\\constructor-management\\construction_frontend\\src\\app\\api"
2025-10-22T05:07:23.031019Z  INFO scan_sources: tailwindcss_oxide::scanner: Discovering "D:\\Freelancer\\constructor-management\\construction_frontend\\src\\app\\api\\auth"
2025-10-22T05:07:23.031146Z  INFO scan_sources: tailwindcss_oxide::scanner: Discovering "D:\\Freelancer\\constructor-management\\construction_frontend\\src\\app\\api\\auth\\register"
2025-10-22T05:07:23.031343Z  INFO scan_sources: tailwindcss_oxide::scanner: Discovering "D:\\Freelancer\\constructor-management\\construction_frontend\\src\\app\\api\\auth\\[...nextauth]"
2025-10-22T05:07:23.031544Z  INFO scan_sources: tailwindcss_oxide::scanner: Discovering "D:\\Freelancer\\constructor-management\\construction_frontend\\src\\app\\auth"
2025-10-22T05:07:23.031718Z  INFO scan_sources: tailwindcss_oxide::scanner: Discovering "D:\\Freelancer\\constructor-management\\construction_frontend\\src\\app\\auth\\component"
2025-10-22T05:07:23.032235Z  INFO scan_sources: tailwindcss_oxide::scanner: Discovering "D:\\Freelancer\\constructor-management\\construction_frontend\\src\\app\\auth\\redirect"
2025-10-22T05:07:23.032594Z  INFO scan_sources: tailwindcss_oxide::scanner: Discovering "D:\\Freelancer\\constructor-management\\construction_frontend\\src\\app\\contact"
2025-10-22T05:07:23.033043Z  INFO scan_sources: tailwindcss_oxide::scanner: Discovering "D:\\Freelancer\\constructor-management\\construction_frontend\\src\\app\\projects"
2025-10-22T05:07:23.033174Z  INFO scan_sources: tailwindcss_oxide::scanner: Discovering "D:\\Freelancer\\constructor-management\\construction_frontend\\src\\app\\projects\\completed"
2025-10-22T05:07:23.033357Z  INFO scan_sources: tailwindcss_oxide::scanner: Discovering "D:\\Freelancer\\constructor-management\\construction_frontend\\src\\app\\projects\\design-templates"
2025-10-22T05:07:23.033751Z  INFO scan_sources: tailwindcss_oxide::scanner: Discovering "D:\\Freelancer\\constructor-management\\construction_frontend\\src\\app\\projects\\in-progress"
2025-10-22T05:07:23.034051Z  INFO scan_sources: tailwindcss_oxide::scanner: Discovering "D:\\Freelancer\\constructor-management\\construction_frontend\\src\\app\\projects\\[slug]"
2025-10-22T05:07:23.034270Z  INFO scan_sources: tailwindcss_oxide::scanner: Discovering "D:\\Freelancer\\constructor-management\\construction_frontend\\src\\app\\services"
2025-10-22T05:07:23.034438Z  INFO scan_sources: tailwindcss_oxide::scanner: Discovering "D:\\Freelancer\\constructor-management\\construction_frontend\\src\\app\\services\\bidding-consulting"
2025-10-22T05:07:23.034682Z  INFO scan_sources: tailwindcss_oxide::scanner: Discovering "D:\\Freelancer\\constructor-management\\construction_frontend\\src\\app\\services\\construction"
2025-10-22T05:07:23.034873Z  INFO scan_sources: tailwindcss_oxide::scanner: Discovering "D:\\Freelancer\\constructor-management\\construction_frontend\\src\\app\\services\\design-consulting"
2025-10-22T05:07:23.035057Z  INFO scan_sources: tailwindcss_oxide::scanner: Discovering "D:\\Freelancer\\constructor-management\\construction_frontend\\src\\app\\services\\project-management"
2025-10-22T05:07:23.035243Z  INFO scan_sources: tailwindcss_oxide::scanner: Discovering "D:\\Freelancer\\constructor-management\\construction_frontend\\src\\app\\services\\supervision"
2025-10-22T05:07:23.035465Z  INFO scan_sources: tailwindcss_oxide::scanner: Discovering "D:\\Freelancer\\constructor-management\\construction_frontend\\src\\app\\store"
2025-10-22T05:07:23.035660Z  INFO scan_sources: tailwindcss_oxide::scanner: Discovering "D:\\Freelancer\\constructor-management\\construction_frontend\\src\\components"
2025-10-22T05:07:23.035790Z  INFO scan_sources: tailwindcss_oxide::scanner: Discovering "D:\\Freelancer\\constructor-management\\construction_frontend\\src\\components\\admin"
2025-10-22T05:07:23.036487Z  INFO scan_sources: tailwindcss_oxide::scanner: Discovering "D:\\Freelancer\\constructor-management\\construction_frontend\\src\\components\\auth"
2025-10-22T05:07:23.037786Z  INFO scan_sources: tailwindcss_oxide::scanner: Discovering "D:\\Freelancer\\constructor-management\\construction_frontend\\src\\components\\ui"
2025-10-22T05:07:23.038400Z  INFO scan_sources: tailwindcss_oxide::scanner: Discovering "D:\\Freelancer\\constructor-management\\construction_frontend\\src\\constants"
2025-10-22T05:07:23.038761Z  INFO scan_sources: tailwindcss_oxide::scanner: Discovering "D:\\Freelancer\\constructor-management\\construction_frontend\\src\\contexts"
2025-10-22T05:07:23.039117Z  INFO scan_sources: tailwindcss_oxide::scanner: Discovering "D:\\Freelancer\\constructor-management\\construction_frontend\\src\\hooks"
2025-10-22T05:07:23.039802Z  INFO scan_sources: tailwindcss_oxide::scanner: Discovering "D:\\Freelancer\\constructor-management\\construction_frontend\\src\\lib"
2025-10-22T05:07:23.040220Z  INFO scan_sources: tailwindcss_oxide::scanner: Discovering "D:\\Freelancer\\constructor-management\\construction_frontend\\src\\providers"
2025-10-22T05:07:23.040559Z  INFO scan_sources: tailwindcss_oxide::scanner: Discovering "D:\\Freelancer\\constructor-management\\construction_frontend\\src\\services"
2025-10-22T05:07:23.041359Z  INFO scan_sources: tailwindcss_oxide::scanner: Discovering "D:\\Freelancer\\constructor-management\\construction_frontend\\src\\types"
2025-10-22T05:07:23.042535Z  INFO scan_sources: tailwindcss_oxide::scanner: Discovering "D:\\Freelancer\\constructor-management\\construction_frontend\\src\\utils"
2025-10-22T05:07:23.043084Z  INFO scan_sources: tailwindcss_oxide::scanner: exit
2025-10-22T05:07:23.043101Z  INFO extract_candidates: tailwindcss_oxide::scanner: enter
2025-10-22T05:07:23.043109Z  INFO extract_candidates:read_all_files: tailwindcss_oxide::scanner: enter
2025-10-22T05:07:23.043112Z  INFO extract_candidates:read_all_files: tailwindcss_oxide::scanner: Reading 0 file(s)
2025-10-22T05:07:23.043527Z  INFO extract_candidates:read_all_files: tailwindcss_oxide::scanner: exit
2025-10-22T05:07:23.043541Z  INFO extract_candidates:parse_all_blobs: tailwindcss_oxide::scanner: enter
2025-10-22T05:07:23.043814Z  INFO extract_candidates:parse_all_blobs:extract: tailwindcss_oxide::scanner: enter
2025-10-22T05:07:23.043828Z  INFO extract_candidates:parse_all_blobs:extract: tailwindcss_oxide::scanner: exit
2025-10-22T05:07:23.043832Z  INFO extract_candidates:parse_all_blobs: tailwindcss_oxide::scanner: exit
2025-10-22T05:07:23.043840Z  INFO extract_candidates: tailwindcss_oxide::scanner: exit
2025-10-22T05:07:23.049260Z  INFO get_files: tailwindcss_oxide::scanner: enter
2025-10-22T05:07:23.049276Z  INFO get_files:scan_sources: tailwindcss_oxide::scanner: enter
2025-10-22T05:07:23.050536Z  INFO get_files:scan_sources: tailwindcss_oxide::scanner: Discovering "D:\\Freelancer\\constructor-management\\construction_frontend\\.vscode"
2025-10-22T05:07:23.050746Z  INFO get_files:scan_sources: tailwindcss_oxide::scanner: Discovering "D:\\Freelancer\\constructor-management\\construction_frontend\\messages"
2025-10-22T05:07:23.051133Z  INFO get_files:scan_sources: tailwindcss_oxide::scanner: Discovering "D:\\Freelancer\\constructor-management\\construction_frontend\\public"
2025-10-22T05:07:23.051266Z  INFO get_files:scan_sources: tailwindcss_oxide::scanner: Discovering "D:\\Freelancer\\constructor-management\\construction_frontend\\public\\banner"
2025-10-22T05:07:23.051460Z  INFO get_files:scan_sources: tailwindcss_oxide::scanner: Discovering "D:\\Freelancer\\constructor-management\\construction_frontend\\public\\certificate"
2025-10-22T05:07:23.051614Z  INFO get_files:scan_sources: tailwindcss_oxide::scanner: Discovering "D:\\Freelancer\\constructor-management\\construction_frontend\\public\\design-consulting"
2025-10-22T05:07:23.051843Z  INFO get_files:scan_sources: tailwindcss_oxide::scanner: Discovering "D:\\Freelancer\\constructor-management\\construction_frontend\\public\\image"
2025-10-22T05:07:23.052018Z  INFO get_files:scan_sources: tailwindcss_oxide::scanner: Discovering "D:\\Freelancer\\constructor-management\\construction_frontend\\public\\persons"
2025-10-22T05:07:23.052158Z  INFO get_files:scan_sources: tailwindcss_oxide::scanner: Discovering "D:\\Freelancer\\constructor-management\\construction_frontend\\public\\products"
2025-10-22T05:07:23.052295Z  INFO get_files:scan_sources: tailwindcss_oxide::scanner: Discovering "D:\\Freelancer\\constructor-management\\construction_frontend\\public\\project-management"
2025-10-22T05:07:23.052564Z  INFO get_files:scan_sources: tailwindcss_oxide::scanner: Discovering "D:\\Freelancer\\constructor-management\\construction_frontend\\src"
2025-10-22T05:07:23.052694Z  INFO get_files:scan_sources: tailwindcss_oxide::scanner: Discovering "D:\\Freelancer\\constructor-management\\construction_frontend\\src\\app"
2025-10-22T05:07:23.052814Z  INFO get_files:scan_sources: tailwindcss_oxide::scanner: Discovering "D:\\Freelancer\\constructor-management\\construction_frontend\\src\\app\\about"
2025-10-22T05:07:23.052975Z  INFO get_files:scan_sources: tailwindcss_oxide::scanner: Discovering "D:\\Freelancer\\constructor-management\\construction_frontend\\src\\app\\admin"
2025-10-22T05:07:23.053103Z  INFO get_files:scan_sources: tailwindcss_oxide::scanner: Discovering "D:\\Freelancer\\constructor-management\\construction_frontend\\src\\app\\admin\\contacts"
2025-10-22T05:07:23.053257Z  INFO get_files:scan_sources: tailwindcss_oxide::scanner: Discovering "D:\\Freelancer\\constructor-management\\construction_frontend\\src\\app\\admin\\dashboard"
2025-10-22T05:07:23.053407Z  INFO get_files:scan_sources: tailwindcss_oxide::scanner: Discovering "D:\\Freelancer\\constructor-management\\construction_frontend\\src\\app\\admin\\design-templates"
2025-10-22T05:07:23.053624Z  INFO get_files:scan_sources: tailwindcss_oxide::scanner: Discovering "D:\\Freelancer\\constructor-management\\construction_frontend\\src\\app\\admin\\projects"
2025-10-22T05:07:23.053747Z  INFO get_files:scan_sources: tailwindcss_oxide::scanner: Discovering "D:\\Freelancer\\constructor-management\\construction_frontend\\src\\app\\admin\\projects\\component"
2025-10-22T05:07:23.053955Z  INFO get_files:scan_sources: tailwindcss_oxide::scanner: Discovering "D:\\Freelancer\\constructor-management\\construction_frontend\\src\\app\\admin\\projects\\hooks"
2025-10-22T05:07:23.054176Z  INFO get_files:scan_sources: tailwindcss_oxide::scanner: Discovering "D:\\Freelancer\\constructor-management\\construction_frontend\\src\\app\\api"
2025-10-22T05:07:23.054293Z  INFO get_files:scan_sources: tailwindcss_oxide::scanner: Discovering "D:\\Freelancer\\constructor-management\\construction_frontend\\src\\app\\api\\auth"
2025-10-22T05:07:23.054427Z  INFO get_files:scan_sources: tailwindcss_oxide::scanner: Discovering "D:\\Freelancer\\constructor-management\\construction_frontend\\src\\app\\api\\auth\\register"
2025-10-22T05:07:23.054688Z  INFO get_files:scan_sources: tailwindcss_oxide::scanner: Discovering "D:\\Freelancer\\constructor-management\\construction_frontend\\src\\app\\api\\auth\\[...nextauth]"
2025-10-22T05:07:23.054945Z  INFO get_files:scan_sources: tailwindcss_oxide::scanner: Discovering "D:\\Freelancer\\constructor-management\\construction_frontend\\src\\app\\auth"
2025-10-22T05:07:23.055132Z  INFO get_files:scan_sources: tailwindcss_oxide::scanner: Discovering "D:\\Freelancer\\constructor-management\\construction_frontend\\src\\app\\auth\\component"
2025-10-22T05:07:23.055408Z  INFO get_files:scan_sources: tailwindcss_oxide::scanner: Discovering "D:\\Freelancer\\constructor-management\\construction_frontend\\src\\app\\auth\\redirect"
2025-10-22T05:07:23.055632Z  INFO get_files:scan_sources: tailwindcss_oxide::scanner: Discovering "D:\\Freelancer\\constructor-management\\construction_frontend\\src\\app\\contact"
2025-10-22T05:07:23.055967Z  INFO get_files:scan_sources: tailwindcss_oxide::scanner: Discovering "D:\\Freelancer\\constructor-management\\construction_frontend\\src\\app\\projects"
2025-10-22T05:07:23.056095Z  INFO get_files:scan_sources: tailwindcss_oxide::scanner: Discovering "D:\\Freelancer\\constructor-management\\construction_frontend\\src\\app\\projects\\completed"
2025-10-22T05:07:23.056251Z  INFO get_files:scan_sources: tailwindcss_oxide::scanner: Discovering "D:\\Freelancer\\constructor-management\\construction_frontend\\src\\app\\projects\\design-templates"
2025-10-22T05:07:23.056408Z  INFO get_files:scan_sources: tailwindcss_oxide::scanner: Discovering "D:\\Freelancer\\constructor-management\\construction_frontend\\src\\app\\projects\\in-progress"
2025-10-22T05:07:23.056592Z  INFO get_files:scan_sources: tailwindcss_oxide::scanner: Discovering "D:\\Freelancer\\constructor-management\\construction_frontend\\src\\app\\projects\\[slug]"
2025-10-22T05:07:23.056756Z  INFO get_files:scan_sources: tailwindcss_oxide::scanner: Discovering "D:\\Freelancer\\constructor-management\\construction_frontend\\src\\app\\services"
2025-10-22T05:07:23.056879Z  INFO get_files:scan_sources: tailwindcss_oxide::scanner: Discovering "D:\\Freelancer\\constructor-management\\construction_frontend\\src\\app\\services\\bidding-consulting"
2025-10-22T05:07:23.057036Z  INFO get_files:scan_sources: tailwindcss_oxide::scanner: Discovering "D:\\Freelancer\\constructor-management\\construction_frontend\\src\\app\\services\\construction"
2025-10-22T05:07:23.057189Z  INFO get_files:scan_sources: tailwindcss_oxide::scanner: Discovering "D:\\Freelancer\\constructor-management\\construction_frontend\\src\\app\\services\\design-consulting"
2025-10-22T05:07:23.057368Z  INFO get_files:scan_sources: tailwindcss_oxide::scanner: Discovering "D:\\Freelancer\\constructor-management\\construction_frontend\\src\\app\\services\\project-management"
2025-10-22T05:07:23.057529Z  INFO get_files:scan_sources: tailwindcss_oxide::scanner: Discovering "D:\\Freelancer\\constructor-management\\construction_frontend\\src\\app\\services\\supervision"
2025-10-22T05:07:23.057690Z  INFO get_files:scan_sources: tailwindcss_oxide::scanner: Discovering "D:\\Freelancer\\constructor-management\\construction_frontend\\src\\app\\store"
2025-10-22T05:07:23.057858Z  INFO get_files:scan_sources: tailwindcss_oxide::scanner: Discovering "D:\\Freelancer\\constructor-management\\construction_frontend\\src\\components"
2025-10-22T05:07:23.057979Z  INFO get_files:scan_sources: tailwindcss_oxide::scanner: Discovering "D:\\Freelancer\\constructor-management\\construction_frontend\\src\\components\\admin"
2025-10-22T05:07:23.058173Z  INFO get_files:scan_sources: tailwindcss_oxide::scanner: Discovering "D:\\Freelancer\\constructor-management\\construction_frontend\\src\\components\\auth"
2025-10-22T05:07:23.058472Z  INFO get_files:scan_sources: tailwindcss_oxide::scanner: Discovering "D:\\Freelancer\\constructor-management\\construction_frontend\\src\\components\\ui"
2025-10-22T05:07:23.058745Z  INFO get_files:scan_sources: tailwindcss_oxide::scanner: Discovering "D:\\Freelancer\\constructor-management\\construction_frontend\\src\\constants"
2025-10-22T05:07:23.058898Z  INFO get_files:scan_sources: tailwindcss_oxide::scanner: Discovering "D:\\Freelancer\\constructor-management\\construction_frontend\\src\\contexts"
2025-10-22T05:07:23.059053Z  INFO get_files:scan_sources: tailwindcss_oxide::scanner: Discovering "D:\\Freelancer\\constructor-management\\construction_frontend\\src\\hooks"
2025-10-22T05:07:23.059337Z  INFO get_files:scan_sources: tailwindcss_oxide::scanner: Discovering "D:\\Freelancer\\constructor-management\\construction_frontend\\src\\lib"
2025-10-22T05:07:23.059559Z  INFO get_files:scan_sources: tailwindcss_oxide::scanner: Discovering "D:\\Freelancer\\constructor-management\\construction_frontend\\src\\providers"
2025-10-22T05:07:23.059733Z  INFO get_files:scan_sources: tailwindcss_oxide::scanner: Discovering "D:\\Freelancer\\constructor-management\\construction_frontend\\src\\services"
2025-10-22T05:07:23.059983Z  INFO get_files:scan_sources: tailwindcss_oxide::scanner: Discovering "D:\\Freelancer\\constructor-management\\construction_frontend\\src\\types"
2025-10-22T05:07:23.060227Z  INFO get_files:scan_sources: tailwindcss_oxide::scanner: Discovering "D:\\Freelancer\\constructor-management\\construction_frontend\\src\\utils"
2025-10-22T05:07:23.060477Z  INFO get_files:scan_sources: tailwindcss_oxide::scanner: exit
2025-10-22T05:07:23.065178Z  INFO get_files: tailwindcss_oxide::scanner: exit
2025-10-22T05:07:23.066276Z  INFO get_globs: tailwindcss_oxide::scanner: enter
2025-10-22T05:07:23.066295Z  INFO get_globs: tailwindcss_oxide::scanner: exit
2025-10-22T05:08:52.699180Z  INFO scan_sources: tailwindcss_oxide::scanner: enter
2025-10-22T05:08:52.718431Z  INFO scan_sources: tailwindcss_oxide::scanner: Discovering "D:\\Freelancer\\constructor-management\\construction_frontend\\.vscode"
2025-10-22T05:08:52.718815Z  INFO scan_sources: tailwindcss_oxide::scanner: Discovering "D:\\Freelancer\\constructor-management\\construction_frontend\\messages"
2025-10-22T05:08:52.719484Z  INFO scan_sources: tailwindcss_oxide::scanner: Discovering "D:\\Freelancer\\constructor-management\\construction_frontend\\public"
2025-10-22T05:08:52.719673Z  INFO scan_sources: tailwindcss_oxide::scanner: Discovering "D:\\Freelancer\\constructor-management\\construction_frontend\\public\\banner"
2025-10-22T05:08:52.719920Z  INFO scan_sources: tailwindcss_oxide::scanner: Discovering "D:\\Freelancer\\constructor-management\\construction_frontend\\public\\certificate"
2025-10-22T05:08:52.720173Z  INFO scan_sources: tailwindcss_oxide::scanner: Discovering "D:\\Freelancer\\constructor-management\\construction_frontend\\public\\design-consulting"
2025-10-22T05:08:52.720613Z  INFO scan_sources: tailwindcss_oxide::scanner: Discovering "D:\\Freelancer\\constructor-management\\construction_frontend\\public\\image"
2025-10-22T05:08:52.720896Z  INFO scan_sources: tailwindcss_oxide::scanner: Discovering "D:\\Freelancer\\constructor-management\\construction_frontend\\public\\persons"
2025-10-22T05:08:52.721098Z  INFO scan_sources: tailwindcss_oxide::scanner: Discovering "D:\\Freelancer\\constructor-management\\construction_frontend\\public\\products"
2025-10-22T05:08:52.721614Z  INFO scan_sources: tailwindcss_oxide::scanner: Discovering "D:\\Freelancer\\constructor-management\\construction_frontend\\public\\project-management"
2025-10-22T05:08:52.722087Z  INFO scan_sources: tailwindcss_oxide::scanner: Discovering "D:\\Freelancer\\constructor-management\\construction_frontend\\src"
2025-10-22T05:08:52.722279Z  INFO scan_sources: tailwindcss_oxide::scanner: Discovering "D:\\Freelancer\\constructor-management\\construction_frontend\\src\\app"
2025-10-22T05:08:52.723123Z  INFO scan_sources: tailwindcss_oxide::scanner: Discovering "D:\\Freelancer\\constructor-management\\construction_frontend\\src\\app\\about"
2025-10-22T05:08:52.723482Z  INFO scan_sources: tailwindcss_oxide::scanner: Discovering "D:\\Freelancer\\constructor-management\\construction_frontend\\src\\app\\admin"
2025-10-22T05:08:52.723726Z  INFO scan_sources: tailwindcss_oxide::scanner: Discovering "D:\\Freelancer\\constructor-management\\construction_frontend\\src\\app\\admin\\contacts"
2025-10-22T05:08:52.724039Z  INFO scan_sources: tailwindcss_oxide::scanner: Discovering "D:\\Freelancer\\constructor-management\\construction_frontend\\src\\app\\admin\\dashboard"
2025-10-22T05:08:52.724359Z  INFO scan_sources: tailwindcss_oxide::scanner: Discovering "D:\\Freelancer\\constructor-management\\construction_frontend\\src\\app\\admin\\design-templates"
2025-10-22T05:08:52.724773Z  INFO scan_sources: tailwindcss_oxide::scanner: Discovering "D:\\Freelancer\\constructor-management\\construction_frontend\\src\\app\\admin\\projects"
2025-10-22T05:08:52.725014Z  INFO scan_sources: tailwindcss_oxide::scanner: Discovering "D:\\Freelancer\\constructor-management\\construction_frontend\\src\\app\\admin\\projects\\component"
2025-10-22T05:08:52.725514Z  INFO scan_sources: tailwindcss_oxide::scanner: Discovering "D:\\Freelancer\\constructor-management\\construction_frontend\\src\\app\\admin\\projects\\hooks"
2025-10-22T05:08:52.726020Z  INFO scan_sources: tailwindcss_oxide::scanner: Discovering "D:\\Freelancer\\constructor-management\\construction_frontend\\src\\app\\api"
2025-10-22T05:08:52.726258Z  INFO scan_sources: tailwindcss_oxide::scanner: Discovering "D:\\Freelancer\\constructor-management\\construction_frontend\\src\\app\\api\\auth"
2025-10-22T05:08:52.726506Z  INFO scan_sources: tailwindcss_oxide::scanner: Discovering "D:\\Freelancer\\constructor-management\\construction_frontend\\src\\app\\api\\auth\\register"
2025-10-22T05:08:52.726811Z  INFO scan_sources: tailwindcss_oxide::scanner: Discovering "D:\\Freelancer\\constructor-management\\construction_frontend\\src\\app\\api\\auth\\[...nextauth]"
2025-10-22T05:08:52.727162Z  INFO scan_sources: tailwindcss_oxide::scanner: Discovering "D:\\Freelancer\\constructor-management\\construction_frontend\\src\\app\\auth"
2025-10-22T05:08:52.727449Z  INFO scan_sources: tailwindcss_oxide::scanner: Discovering "D:\\Freelancer\\constructor-management\\construction_frontend\\src\\app\\auth\\component"
2025-10-22T05:08:52.727874Z  INFO scan_sources: tailwindcss_oxide::scanner: Discovering "D:\\Freelancer\\constructor-management\\construction_frontend\\src\\app\\auth\\redirect"
2025-10-22T05:08:52.728200Z  INFO scan_sources: tailwindcss_oxide::scanner: Discovering "D:\\Freelancer\\constructor-management\\construction_frontend\\src\\app\\contact"
2025-10-22T05:08:52.728716Z  INFO scan_sources: tailwindcss_oxide::scanner: Discovering "D:\\Freelancer\\constructor-management\\construction_frontend\\src\\app\\projects"
2025-10-22T05:08:52.728966Z  INFO scan_sources: tailwindcss_oxide::scanner: Discovering "D:\\Freelancer\\constructor-management\\construction_frontend\\src\\app\\projects\\completed"
2025-10-22T05:08:52.729266Z  INFO scan_sources: tailwindcss_oxide::scanner: Discovering "D:\\Freelancer\\constructor-management\\construction_frontend\\src\\app\\projects\\design-templates"
2025-10-22T05:08:52.729591Z  INFO scan_sources: tailwindcss_oxide::scanner: Discovering "D:\\Freelancer\\constructor-management\\construction_frontend\\src\\app\\projects\\in-progress"
2025-10-22T05:08:52.729946Z  INFO scan_sources: tailwindcss_oxide::scanner: Discovering "D:\\Freelancer\\constructor-management\\construction_frontend\\src\\app\\projects\\[slug]"
2025-10-22T05:08:52.730271Z  INFO scan_sources: tailwindcss_oxide::scanner: Discovering "D:\\Freelancer\\constructor-management\\construction_frontend\\src\\app\\services"
2025-10-22T05:08:52.730667Z  INFO scan_sources: tailwindcss_oxide::scanner: Discovering "D:\\Freelancer\\constructor-management\\construction_frontend\\src\\app\\services\\bidding-consulting"
2025-10-22T05:08:52.731026Z  INFO scan_sources: tailwindcss_oxide::scanner: Discovering "D:\\Freelancer\\constructor-management\\construction_frontend\\src\\app\\services\\construction"
2025-10-22T05:08:52.731374Z  INFO scan_sources: tailwindcss_oxide::scanner: Discovering "D:\\Freelancer\\constructor-management\\construction_frontend\\src\\app\\services\\design-consulting"
2025-10-22T05:08:52.731774Z  INFO scan_sources: tailwindcss_oxide::scanner: Discovering "D:\\Freelancer\\constructor-management\\construction_frontend\\src\\app\\services\\project-management"
2025-10-22T05:08:52.732160Z  INFO scan_sources: tailwindcss_oxide::scanner: Discovering "D:\\Freelancer\\constructor-management\\construction_frontend\\src\\app\\services\\supervision"
2025-10-22T05:08:52.733146Z  INFO scan_sources: tailwindcss_oxide::scanner: Discovering "D:\\Freelancer\\constructor-management\\construction_frontend\\src\\app\\store"
2025-10-22T05:08:52.733565Z  INFO scan_sources: tailwindcss_oxide::scanner: Discovering "D:\\Freelancer\\constructor-management\\construction_frontend\\src\\components"
2025-10-22T05:08:52.733754Z  INFO scan_sources: tailwindcss_oxide::scanner: Discovering "D:\\Freelancer\\constructor-management\\construction_frontend\\src\\components\\admin"
2025-10-22T05:08:52.734043Z  INFO scan_sources: tailwindcss_oxide::scanner: Discovering "D:\\Freelancer\\constructor-management\\construction_frontend\\src\\components\\auth"
2025-10-22T05:08:52.734482Z  INFO scan_sources: tailwindcss_oxide::scanner: Discovering "D:\\Freelancer\\constructor-management\\construction_frontend\\src\\components\\ui"
2025-10-22T05:08:52.734926Z  INFO scan_sources: tailwindcss_oxide::scanner: Discovering "D:\\Freelancer\\constructor-management\\construction_frontend\\src\\constants"
2025-10-22T05:08:52.735171Z  INFO scan_sources: tailwindcss_oxide::scanner: Discovering "D:\\Freelancer\\constructor-management\\construction_frontend\\src\\contexts"
2025-10-22T05:08:52.735443Z  INFO scan_sources: tailwindcss_oxide::scanner: Discovering "D:\\Freelancer\\constructor-management\\construction_frontend\\src\\hooks"
2025-10-22T05:08:52.735856Z  INFO scan_sources: tailwindcss_oxide::scanner: Discovering "D:\\Freelancer\\constructor-management\\construction_frontend\\src\\lib"
2025-10-22T05:08:52.736143Z  INFO scan_sources: tailwindcss_oxide::scanner: Discovering "D:\\Freelancer\\constructor-management\\construction_frontend\\src\\providers"
2025-10-22T05:08:52.736400Z  INFO scan_sources: tailwindcss_oxide::scanner: Discovering "D:\\Freelancer\\constructor-management\\construction_frontend\\src\\services"
2025-10-22T05:08:52.736871Z  INFO scan_sources: tailwindcss_oxide::scanner: Discovering "D:\\Freelancer\\constructor-management\\construction_frontend\\src\\types"
2025-10-22T05:08:52.738279Z  INFO scan_sources: tailwindcss_oxide::scanner: Discovering "D:\\Freelancer\\constructor-management\\construction_frontend\\src\\utils"
2025-10-22T05:08:52.741071Z  INFO scan_sources: tailwindcss_oxide::scanner: exit
2025-10-22T05:08:52.741104Z  INFO extract_candidates: tailwindcss_oxide::scanner: enter
2025-10-22T05:08:52.741119Z  INFO extract_candidates:read_all_files: tailwindcss_oxide::scanner: enter
2025-10-22T05:08:52.741124Z  INFO extract_candidates:read_all_files: tailwindcss_oxide::scanner: Reading 0 file(s)
2025-10-22T05:08:52.741405Z  INFO extract_candidates:read_all_files: tailwindcss_oxide::scanner: exit
2025-10-22T05:08:52.741427Z  INFO extract_candidates:parse_all_blobs: tailwindcss_oxide::scanner: enter
2025-10-22T05:08:52.741436Z  INFO extract_candidates:parse_all_blobs:extract: tailwindcss_oxide::scanner: enter
2025-10-22T05:08:52.741450Z  INFO extract_candidates:parse_all_blobs:extract: tailwindcss_oxide::scanner: exit
2025-10-22T05:08:52.741458Z  INFO extract_candidates:parse_all_blobs: tailwindcss_oxide::scanner: exit
2025-10-22T05:08:52.741474Z  INFO extract_candidates: tailwindcss_oxide::scanner: exit
2025-10-22T05:08:52.744446Z  INFO get_files: tailwindcss_oxide::scanner: enter
2025-10-22T05:08:52.744465Z  INFO get_files:scan_sources: tailwindcss_oxide::scanner: enter
2025-10-22T05:08:52.746147Z  INFO get_files:scan_sources: tailwindcss_oxide::scanner: Discovering "D:\\Freelancer\\constructor-management\\construction_frontend\\.vscode"
2025-10-22T05:08:52.746455Z  INFO get_files:scan_sources: tailwindcss_oxide::scanner: Discovering "D:\\Freelancer\\constructor-management\\construction_frontend\\messages"
2025-10-22T05:08:52.746992Z  INFO get_files:scan_sources: tailwindcss_oxide::scanner: Discovering "D:\\Freelancer\\constructor-management\\construction_frontend\\public"
2025-10-22T05:08:52.747175Z  INFO get_files:scan_sources: tailwindcss_oxide::scanner: Discovering "D:\\Freelancer\\constructor-management\\construction_frontend\\public\\banner"
2025-10-22T05:08:52.747481Z  INFO get_files:scan_sources: tailwindcss_oxide::scanner: Discovering "D:\\Freelancer\\constructor-management\\construction_frontend\\public\\certificate"
2025-10-22T05:08:52.747719Z  INFO get_files:scan_sources: tailwindcss_oxide::scanner: Discovering "D:\\Freelancer\\constructor-management\\construction_frontend\\public\\design-consulting"
2025-10-22T05:08:52.748166Z  INFO get_files:scan_sources: tailwindcss_oxide::scanner: Discovering "D:\\Freelancer\\constructor-management\\construction_frontend\\public\\image"
2025-10-22T05:08:52.748433Z  INFO get_files:scan_sources: tailwindcss_oxide::scanner: Discovering "D:\\Freelancer\\constructor-management\\construction_frontend\\public\\persons"
2025-10-22T05:08:52.748692Z  INFO get_files:scan_sources: tailwindcss_oxide::scanner: Discovering "D:\\Freelancer\\constructor-management\\construction_frontend\\public\\products"
2025-10-22T05:08:52.748886Z  INFO get_files:scan_sources: tailwindcss_oxide::scanner: Discovering "D:\\Freelancer\\constructor-management\\construction_frontend\\public\\project-management"
2025-10-22T05:08:52.749238Z  INFO get_files:scan_sources: tailwindcss_oxide::scanner: Discovering "D:\\Freelancer\\constructor-management\\construction_frontend\\src"
2025-10-22T05:08:52.749421Z  INFO get_files:scan_sources: tailwindcss_oxide::scanner: Discovering "D:\\Freelancer\\constructor-management\\construction_frontend\\src\\app"
2025-10-22T05:08:52.749586Z  INFO get_files:scan_sources: tailwindcss_oxide::scanner: Discovering "D:\\Freelancer\\constructor-management\\construction_frontend\\src\\app\\about"
2025-10-22T05:08:52.749799Z  INFO get_files:scan_sources: tailwindcss_oxide::scanner: Discovering "D:\\Freelancer\\constructor-management\\construction_frontend\\src\\app\\admin"
2025-10-22T05:08:52.749967Z  INFO get_files:scan_sources: tailwindcss_oxide::scanner: Discovering "D:\\Freelancer\\constructor-management\\construction_frontend\\src\\app\\admin\\contacts"
2025-10-22T05:08:52.750174Z  INFO get_files:scan_sources: tailwindcss_oxide::scanner: Discovering "D:\\Freelancer\\constructor-management\\construction_frontend\\src\\app\\admin\\dashboard"
2025-10-22T05:08:52.750387Z  INFO get_files:scan_sources: tailwindcss_oxide::scanner: Discovering "D:\\Freelancer\\constructor-management\\construction_frontend\\src\\app\\admin\\design-templates"
2025-10-22T05:08:52.750654Z  INFO get_files:scan_sources: tailwindcss_oxide::scanner: Discovering "D:\\Freelancer\\constructor-management\\construction_frontend\\src\\app\\admin\\projects"
2025-10-22T05:08:52.750817Z  INFO get_files:scan_sources: tailwindcss_oxide::scanner: Discovering "D:\\Freelancer\\constructor-management\\construction_frontend\\src\\app\\admin\\projects\\component"
2025-10-22T05:08:52.751100Z  INFO get_files:scan_sources: tailwindcss_oxide::scanner: Discovering "D:\\Freelancer\\constructor-management\\construction_frontend\\src\\app\\admin\\projects\\hooks"
2025-10-22T05:08:52.751618Z  INFO get_files:scan_sources: tailwindcss_oxide::scanner: Discovering "D:\\Freelancer\\constructor-management\\construction_frontend\\src\\app\\api"
2025-10-22T05:08:52.751868Z  INFO get_files:scan_sources: tailwindcss_oxide::scanner: Discovering "D:\\Freelancer\\constructor-management\\construction_frontend\\src\\app\\api\\auth"
2025-10-22T05:08:52.752099Z  INFO get_files:scan_sources: tailwindcss_oxide::scanner: Discovering "D:\\Freelancer\\constructor-management\\construction_frontend\\src\\app\\api\\auth\\register"
2025-10-22T05:08:52.752414Z  INFO get_files:scan_sources: tailwindcss_oxide::scanner: Discovering "D:\\Freelancer\\constructor-management\\construction_frontend\\src\\app\\api\\auth\\[...nextauth]"
2025-10-22T05:08:52.752768Z  INFO get_files:scan_sources: tailwindcss_oxide::scanner: Discovering "D:\\Freelancer\\constructor-management\\construction_frontend\\src\\app\\auth"
2025-10-22T05:08:52.753039Z  INFO get_files:scan_sources: tailwindcss_oxide::scanner: Discovering "D:\\Freelancer\\constructor-management\\construction_frontend\\src\\app\\auth\\component"
2025-10-22T05:08:52.753467Z  INFO get_files:scan_sources: tailwindcss_oxide::scanner: Discovering "D:\\Freelancer\\constructor-management\\construction_frontend\\src\\app\\auth\\redirect"
2025-10-22T05:08:52.753704Z  INFO get_files:scan_sources: tailwindcss_oxide::scanner: Discovering "D:\\Freelancer\\constructor-management\\construction_frontend\\src\\app\\contact"
2025-10-22T05:08:52.754044Z  INFO get_files:scan_sources: tailwindcss_oxide::scanner: Discovering "D:\\Freelancer\\constructor-management\\construction_frontend\\src\\app\\projects"
2025-10-22T05:08:52.754212Z  INFO get_files:scan_sources: tailwindcss_oxide::scanner: Discovering "D:\\Freelancer\\constructor-management\\construction_frontend\\src\\app\\projects\\completed"
2025-10-22T05:08:52.754443Z  INFO get_files:scan_sources: tailwindcss_oxide::scanner: Discovering "D:\\Freelancer\\constructor-management\\construction_frontend\\src\\app\\projects\\design-templates"
2025-10-22T05:08:52.754654Z  INFO get_files:scan_sources: tailwindcss_oxide::scanner: Discovering "D:\\Freelancer\\constructor-management\\construction_frontend\\src\\app\\projects\\in-progress"
2025-10-22T05:08:52.754892Z  INFO get_files:scan_sources: tailwindcss_oxide::scanner: Discovering "D:\\Freelancer\\constructor-management\\construction_frontend\\src\\app\\projects\\[slug]"
2025-10-22T05:08:52.755114Z  INFO get_files:scan_sources: tailwindcss_oxide::scanner: Discovering "D:\\Freelancer\\constructor-management\\construction_frontend\\src\\app\\services"
2025-10-22T05:08:52.755284Z  INFO get_files:scan_sources: tailwindcss_oxide::scanner: Discovering "D:\\Freelancer\\constructor-management\\construction_frontend\\src\\app\\services\\bidding-consulting"
2025-10-22T05:08:52.755515Z  INFO get_files:scan_sources: tailwindcss_oxide::scanner: Discovering "D:\\Freelancer\\constructor-management\\construction_frontend\\src\\app\\services\\construction"
2025-10-22T05:08:52.755723Z  INFO get_files:scan_sources: tailwindcss_oxide::scanner: Discovering "D:\\Freelancer\\constructor-management\\construction_frontend\\src\\app\\services\\design-consulting"
2025-10-22T05:08:52.755965Z  INFO get_files:scan_sources: tailwindcss_oxide::scanner: Discovering "D:\\Freelancer\\constructor-management\\construction_frontend\\src\\app\\services\\project-management"
2025-10-22T05:08:52.756172Z  INFO get_files:scan_sources: tailwindcss_oxide::scanner: Discovering "D:\\Freelancer\\constructor-management\\construction_frontend\\src\\app\\services\\supervision"
2025-10-22T05:08:52.756440Z  INFO get_files:scan_sources: tailwindcss_oxide::scanner: Discovering "D:\\Freelancer\\constructor-management\\construction_frontend\\src\\app\\store"
2025-10-22T05:08:52.756804Z  INFO get_files:scan_sources: tailwindcss_oxide::scanner: Discovering "D:\\Freelancer\\constructor-management\\construction_frontend\\src\\components"
2025-10-22T05:08:52.757073Z  INFO get_files:scan_sources: tailwindcss_oxide::scanner: Discovering "D:\\Freelancer\\constructor-management\\construction_frontend\\src\\components\\admin"
2025-10-22T05:08:52.757501Z  INFO get_files:scan_sources: tailwindcss_oxide::scanner: Discovering "D:\\Freelancer\\constructor-management\\construction_frontend\\src\\components\\auth"
2025-10-22T05:08:52.758042Z  INFO get_files:scan_sources: tailwindcss_oxide::scanner: Discovering "D:\\Freelancer\\constructor-management\\construction_frontend\\src\\components\\ui"
2025-10-22T05:08:52.758679Z  INFO get_files:scan_sources: tailwindcss_oxide::scanner: Discovering "D:\\Freelancer\\constructor-management\\construction_frontend\\src\\constants"
2025-10-22T05:08:52.759035Z  INFO get_files:scan_sources: tailwindcss_oxide::scanner: Discovering "D:\\Freelancer\\constructor-management\\construction_frontend\\src\\contexts"
2025-10-22T05:08:52.759382Z  INFO get_files:scan_sources: tailwindcss_oxide::scanner: Discovering "D:\\Freelancer\\constructor-management\\construction_frontend\\src\\hooks"
2025-10-22T05:08:52.759996Z  INFO get_files:scan_sources: tailwindcss_oxide::scanner: Discovering "D:\\Freelancer\\constructor-management\\construction_frontend\\src\\lib"
2025-10-22T05:08:52.760477Z  INFO get_files:scan_sources: tailwindcss_oxide::scanner: Discovering "D:\\Freelancer\\constructor-management\\construction_frontend\\src\\providers"
2025-10-22T05:08:52.760923Z  INFO get_files:scan_sources: tailwindcss_oxide::scanner: Discovering "D:\\Freelancer\\constructor-management\\construction_frontend\\src\\services"
2025-10-22T05:08:52.761494Z  INFO get_files:scan_sources: tailwindcss_oxide::scanner: Discovering "D:\\Freelancer\\constructor-management\\construction_frontend\\src\\types"
2025-10-22T05:08:52.762056Z  INFO get_files:scan_sources: tailwindcss_oxide::scanner: Discovering "D:\\Freelancer\\constructor-management\\construction_frontend\\src\\utils"
2025-10-22T05:08:52.762626Z  INFO get_files:scan_sources: tailwindcss_oxide::scanner: exit
2025-10-22T05:08:52.764699Z  INFO get_files: tailwindcss_oxide::scanner: exit
2025-10-22T05:08:52.765008Z  INFO get_globs: tailwindcss_oxide::scanner: enter
2025-10-22T05:08:52.765021Z  INFO get_globs: tailwindcss_oxide::scanner: exit
